ray init kwargs: {'num_cpus': None, 'runtime_env': {'env_vars': {'NCCL_DEBUG': 'WARN', 'VLLM_LOGGING_LEVEL': 'WARN', 'VLLM_ALLOW_RUNTIME_LORA_UPDATING': 'true', 'VLLM_ALLREDUCE_USE_SYMM_MEM': '0', 'CUDA_DEVICE_MAX_CONNECTIONS': '1', 'NCCL_CUMEM_ENABLE': '0'}, 'working_dir': None}}
2026-07-21 05:40:22,667	INFO worker.py:2004 -- Started a local Ray instance. View the dashboard at [1m[32mhttp://127.0.0.1:8265 [39m[22m
/usr/local/lib/python3.12/dist-packages/ray/_private/worker.py:2052: FutureWarning: Tip: In future versions of Ray, Ray will no longer override accelerator visible devices env var if num_gpus=0 or num_gpus=None (default). To enable this behavior and turn off this error message, set RAY_ACCEL_ENV_VAR_OVERRIDE_ON_ZERO=0
  warnings.warn(
[36m(pid=35901)[0m W0721 05:40:28.159000 35901 torch/utils/cpp_extension.py:118] No CUDA runtime is found, using CUDA_HOME='/usr/local/cuda'
[36m(TaskRunner pid=35901)[0m TaskRunner hostname: 66f3fc9bbd5d, PID: 35901
[36m(TaskRunner pid=35901)[0m {'actor_rollout_ref': {'actor': {'_target_': 'verl.workers.config.FSDPActorConfig',
[36m(TaskRunner pid=35901)[0m                                  'calculate_entropy': False,
[36m(TaskRunner pid=35901)[0m                                  'calculate_sum_pi_squared': False,
[36m(TaskRunner pid=35901)[0m                                  'checkpoint': {'_target_': 'verl.trainer.config.CheckpointConfig',
[36m(TaskRunner pid=35901)[0m                                                 'async_save': False,
[36m(TaskRunner pid=35901)[0m                                                 'load_contents': ['model',
[36m(TaskRunner pid=35901)[0m                                                                   'optimizer',
[36m(TaskRunner pid=35901)[0m                                                                   'extra'],
[36m(TaskRunner pid=35901)[0m                                                 'save_contents': ['model',
[36m(TaskRunner pid=35901)[0m                                                                   'optimizer',
[36m(TaskRunner pid=35901)[0m                                                                   'extra']},
[36m(TaskRunner pid=35901)[0m                                  'clip_ratio': 0.2,
[36m(TaskRunner pid=35901)[0m                                  'clip_ratio_c': 3.0,
[36m(TaskRunner pid=35901)[0m                                  'clip_ratio_high': 0.28,
[36m(TaskRunner pid=35901)[0m                                  'clip_ratio_low': 0.2,
[36m(TaskRunner pid=35901)[0m                                  'data_loader_seed': 42,
[36m(TaskRunner pid=35901)[0m                                  'entropy_checkpointing': False,
[36m(TaskRunner pid=35901)[0m                                  'entropy_coeff': 0,
[36m(TaskRunner pid=35901)[0m                                  'entropy_from_logits_with_chunking': False,
[36m(TaskRunner pid=35901)[0m                                  'freeze_vision_tower': False,
[36m(TaskRunner pid=35901)[0m                                  'fsdp_config': {'_target_': 'verl.workers.config.FSDPEngineConfig',
[36m(TaskRunner pid=35901)[0m                                                  'dtype': 'bfloat16',
[36m(TaskRunner pid=35901)[0m                                                  'entropy_checkpointing': False,
[36m(TaskRunner pid=35901)[0m                                                  'entropy_from_logits_with_chunking': False,
[36m(TaskRunner pid=35901)[0m                                                  'forward_only': False,
[36m(TaskRunner pid=35901)[0m                                                  'forward_prefetch': False,
[36m(TaskRunner pid=35901)[0m                                                  'fsdp_size': -1,
[36m(TaskRunner pid=35901)[0m                                                  'full_determinism': False,
[36m(TaskRunner pid=35901)[0m                                                  'model_dtype': 'fp32',
[36m(TaskRunner pid=35901)[0m                                                  'offload_policy': False,
[36m(TaskRunner pid=35901)[0m                                                  'optimizer_offload': True,
[36m(TaskRunner pid=35901)[0m                                                  'param_offload': True,
[36m(TaskRunner pid=35901)[0m                                                  'reshard_after_forward': True,
[36m(TaskRunner pid=35901)[0m                                                  'seed': 42,
[36m(TaskRunner pid=35901)[0m                                                  'strategy': 'fsdp',
[36m(TaskRunner pid=35901)[0m                                                  'ulysses_sequence_parallel_size': 1,
[36m(TaskRunner pid=35901)[0m                                                  'use_orig_params': False,
[36m(TaskRunner pid=35901)[0m                                                  'use_torch_compile': True,
[36m(TaskRunner pid=35901)[0m                                                  'wrap_policy': {'min_num_params': 0}},
[36m(TaskRunner pid=35901)[0m                                  'grad_clip': 1.0,
[36m(TaskRunner pid=35901)[0m                                  'kl_loss_coef': 0.001,
[36m(TaskRunner pid=35901)[0m                                  'kl_loss_type': 'low_var_kl',
[36m(TaskRunner pid=35901)[0m                                  'loss_agg_mode': 'token-mean',
[36m(TaskRunner pid=35901)[0m                                  'loss_scale_factor': None,
[36m(TaskRunner pid=35901)[0m                                  'optim': {'_target_': 'verl.workers.config.FSDPOptimizerConfig',
[36m(TaskRunner pid=35901)[0m                                            'betas': [0.9, 0.999],
[36m(TaskRunner pid=35901)[0m                                            'clip_grad': 1.0,
[36m(TaskRunner pid=35901)[0m                                            'lr': 1e-06,
[36m(TaskRunner pid=35901)[0m                                            'lr_scheduler_type': 'constant',
[36m(TaskRunner pid=35901)[0m                                            'lr_warmup_steps': 0,
[36m(TaskRunner pid=35901)[0m                                            'lr_warmup_steps_ratio': 0.0,
[36m(TaskRunner pid=35901)[0m                                            'min_lr_ratio': 0.0,
[36m(TaskRunner pid=35901)[0m                                            'num_cycles': 0.5,
[36m(TaskRunner pid=35901)[0m                                            'optimizer': 'AdamW',
[36m(TaskRunner pid=35901)[0m                                            'optimizer_impl': 'torch.optim',
[36m(TaskRunner pid=35901)[0m                                            'override_optimizer_config': None,
[36m(TaskRunner pid=35901)[0m                                            'total_training_steps': -1,
[36m(TaskRunner pid=35901)[0m                                            'warmup_style': None,
[36m(TaskRunner pid=35901)[0m                                            'weight_decay': 0.01},
[36m(TaskRunner pid=35901)[0m                                  'policy_loss': {'_target_': 'verl.workers.config.PolicyLossConfig',
[36m(TaskRunner pid=35901)[0m                                                  'clip_cov_lb': 1.0,
[36m(TaskRunner pid=35901)[0m                                                  'clip_cov_ratio': 0.0002,
[36m(TaskRunner pid=35901)[0m                                                  'clip_cov_ub': 5.0,
[36m(TaskRunner pid=35901)[0m                                                  'kl_cov_ratio': 0.0002,
[36m(TaskRunner pid=35901)[0m                                                  'loss_mode': 'vopd',
[36m(TaskRunner pid=35901)[0m                                                  'ppo_kl_coef': 0.1},
[36m(TaskRunner pid=35901)[0m                                  'ppo_epochs': 1,
[36m(TaskRunner pid=35901)[0m                                  'ppo_max_token_len_per_gpu': 3072,
[36m(TaskRunner pid=35901)[0m                                  'ppo_micro_batch_size': None,
[36m(TaskRunner pid=35901)[0m                                  'ppo_micro_batch_size_per_gpu': 1,
[36m(TaskRunner pid=35901)[0m                                  'ppo_mini_batch_size': 1,
[36m(TaskRunner pid=35901)[0m                                  'profiler': {'_target_': 'verl.utils.profiler.ProfilerConfig',
[36m(TaskRunner pid=35901)[0m                                               'all_ranks': False,
[36m(TaskRunner pid=35901)[0m                                               'enable': False,
[36m(TaskRunner pid=35901)[0m                                               'ranks': [],
[36m(TaskRunner pid=35901)[0m                                               'save_path': 'outputs/profile',
[36m(TaskRunner pid=35901)[0m                                               'tool': None,
[36m(TaskRunner pid=35901)[0m                                               'tool_config': {'npu': {'_target_': 'verl.utils.profiler.config.NPUToolConfig',
[36m(TaskRunner pid=35901)[0m                                                                       'analysis': True,
[36m(TaskRunner pid=35901)[0m                                                                       'contents': [],
[36m(TaskRunner pid=35901)[0m                                                                       'discrete': False,
[36m(TaskRunner pid=35901)[0m                                                                       'level': 'level0'},
[36m(TaskRunner pid=35901)[0m                                                               'nsys': {'_target_': 'verl.utils.profiler.config.NsightToolConfig',
[36m(TaskRunner pid=35901)[0m                                                                        'discrete': False},
[36m(TaskRunner pid=35901)[0m                                                               'torch': {'_target_': 'verl.utils.profiler.config.TorchProfilerToolConfig',
[36m(TaskRunner pid=35901)[0m                                                                         'step_end': None,
[36m(TaskRunner pid=35901)[0m                                                                         'step_start': 0},
[36m(TaskRunner pid=35901)[0m                                                               'torch_memory': {'_target_': 'verl.utils.profiler.config.TorchMemoryToolConfig',
[36m(TaskRunner pid=35901)[0m                                                                                'stack_depth': 32,
[36m(TaskRunner pid=35901)[0m                                                                                'trace_alloc_max_entries': 100000}}},
[36m(TaskRunner pid=35901)[0m                                  'rollout_n': 1,
[36m(TaskRunner pid=35901)[0m                                  'router_replay': {'_target_': 'verl.workers.config.RouterReplayConfig',
[36m(TaskRunner pid=35901)[0m                                                    'mode': 'disabled',
[36m(TaskRunner pid=35901)[0m                                                    'record_file': None,
[36m(TaskRunner pid=35901)[0m                                                    'replay_file': None},
[36m(TaskRunner pid=35901)[0m                                  'self_distillation': {'_target_': 'verl.workers.config.SelfDistillationConfig',
[36m(TaskRunner pid=35901)[0m                                                        'alpha': 0.5,
[36m(TaskRunner pid=35901)[0m                                                        'answer_hint_template': '\n'
[36m(TaskRunner pid=35901)[0m                                                                                '\n'
[36m(TaskRunner pid=35901)[0m                                                                                'Here '
[36m(TaskRunner pid=35901)[0m                                                                                'is '
[36m(TaskRunner pid=35901)[0m                                                                                'a '
[36m(TaskRunner pid=35901)[0m                                                                                'reference '
[36m(TaskRunner pid=35901)[0m                                                                                'solution '
[36m(TaskRunner pid=35901)[0m                                                                                'to '
[36m(TaskRunner pid=35901)[0m                                                                                'this '
[36m(TaskRunner pid=35901)[0m                                                                                'problem:\n'
[36m(TaskRunner pid=35901)[0m                                                                                '{answer}\n'
[36m(TaskRunner pid=35901)[0m                                                                                '\n'
[36m(TaskRunner pid=35901)[0m                                                                                'After '
[36m(TaskRunner pid=35901)[0m                                                                                'understanding '
[36m(TaskRunner pid=35901)[0m                                                                                'the '
[36m(TaskRunner pid=35901)[0m                                                                                'reference '
[36m(TaskRunner pid=35901)[0m                                                                                'solution, '
[36m(TaskRunner pid=35901)[0m                                                                                'please '
[36m(TaskRunner pid=35901)[0m                                                                                'try '
[36m(TaskRunner pid=35901)[0m                                                                                'to '
[36m(TaskRunner pid=35901)[0m                                                                                'solve '
[36m(TaskRunner pid=35901)[0m                                                                                'this '
[36m(TaskRunner pid=35901)[0m                                                                                'problem '
[36m(TaskRunner pid=35901)[0m                                                                                'using '
[36m(TaskRunner pid=35901)[0m                                                                                'your '
[36m(TaskRunner pid=35901)[0m                                                                                'own '
[36m(TaskRunner pid=35901)[0m                                                                                'approach '
[36m(TaskRunner pid=35901)[0m                                                                                'below:',
[36m(TaskRunner pid=35901)[0m                                                        'distillation_add_tail': True,
[36m(TaskRunner pid=35901)[0m                                                        'distillation_topk': 32,
[36m(TaskRunner pid=35901)[0m                                                        'dont_reprompt_on_self_success': True,
[36m(TaskRunner pid=35901)[0m                                                        'environment_feedback_only_without_solution': True,
[36m(TaskRunner pid=35901)[0m                                                        'fallback_to_policy_loss_on_missing_teacher': False,
[36m(TaskRunner pid=35901)[0m                                                        'feedback_template': '\n'
[36m(TaskRunner pid=35901)[0m                                                                             'The '
[36m(TaskRunner pid=35901)[0m                                                                             'following '
[36m(TaskRunner pid=35901)[0m                                                                             'is '
[36m(TaskRunner pid=35901)[0m                                                                             'feedback '
[36m(TaskRunner pid=35901)[0m                                                                             'from '
[36m(TaskRunner pid=35901)[0m                                                                             'your '
[36m(TaskRunner pid=35901)[0m                                                                             'unsuccessful '
[36m(TaskRunner pid=35901)[0m                                                                             'earlier '
[36m(TaskRunner pid=35901)[0m                                                                             'attempt:\n'
[36m(TaskRunner pid=35901)[0m                                                                             '\n'
[36m(TaskRunner pid=35901)[0m                                                                             '{feedback_raw}',
[36m(TaskRunner pid=35901)[0m                                                        'full_logit_distillation': True,
[36m(TaskRunner pid=35901)[0m                                                        'gamma': 1.0,
[36m(TaskRunner pid=35901)[0m                                                        'include_environment_feedback': False,
[36m(TaskRunner pid=35901)[0m                                                        'is_clip': 2.0,
[36m(TaskRunner pid=35901)[0m                                                        'log_prob_dump_dir': None,
[36m(TaskRunner pid=35901)[0m                                                        'max_reprompt_len': 256,
[36m(TaskRunner pid=35901)[0m                                                        'remove_thinking_from_demonstration': True,
[36m(TaskRunner pid=35901)[0m                                                        'reprompt_template': '{prompt}{solution}{feedback}\n'
[36m(TaskRunner pid=35901)[0m                                                                             '\n'
[36m(TaskRunner pid=35901)[0m                                                                             'Correctly '
[36m(TaskRunner pid=35901)[0m                                                                             'solve '
[36m(TaskRunner pid=35901)[0m                                                                             'the '
[36m(TaskRunner pid=35901)[0m                                                                             'original '
[36m(TaskRunner pid=35901)[0m                                                                             'question.',
[36m(TaskRunner pid=35901)[0m                                                        'reprompt_truncation': 'right',
[36m(TaskRunner pid=35901)[0m                                                        'solution_template': '\n'
[36m(TaskRunner pid=35901)[0m                                                                             'Correct '
[36m(TaskRunner pid=35901)[0m                                                                             'solution:\n'
[36m(TaskRunner pid=35901)[0m                                                                             '\n'
[36m(TaskRunner pid=35901)[0m                                                                             '{successful_previous_attempt}',
[36m(TaskRunner pid=35901)[0m                                                        'success_reward_threshold': 0.5,
[36m(TaskRunner pid=35901)[0m                                                        'teacher_always_on': True,
[36m(TaskRunner pid=35901)[0m                                                        'teacher_image_key': 'bbox_images',
[36m(TaskRunner pid=35901)[0m                                                        'teacher_model_path': None,
[36m(TaskRunner pid=35901)[0m                                                        'teacher_model_source': 'current',
[36m(TaskRunner pid=35901)[0m                                                        'teacher_prompt_mode': None,
[36m(TaskRunner pid=35901)[0m                                                        'teacher_regularization': 'ema',
[36m(TaskRunner pid=35901)[0m                                                        'teacher_update_interval': None,
[36m(TaskRunner pid=35901)[0m                                                        'teacher_update_rate': 0.05},
[36m(TaskRunner pid=35901)[0m                                  'shuffle': False,
[36m(TaskRunner pid=35901)[0m                                  'strategy': 'fsdp',
[36m(TaskRunner pid=35901)[0m                                  'sum_pi_squared_checkpointing': False,
[36m(TaskRunner pid=35901)[0m                                  'tau_neg': 1.05,
[36m(TaskRunner pid=35901)[0m                                  'tau_pos': 1.0,
[36m(TaskRunner pid=35901)[0m                                  'ulysses_sequence_parallel_size': 1,
[36m(TaskRunner pid=35901)[0m                                  'use_dynamic_bsz': False,
[36m(TaskRunner pid=35901)[0m                                  'use_fused_kernels': False,
[36m(TaskRunner pid=35901)[0m                                  'use_kl_loss': False,
[36m(TaskRunner pid=35901)[0m                                  'use_prefix_grouper': False,
[36m(TaskRunner pid=35901)[0m                                  'use_remove_padding': True,
[36m(TaskRunner pid=35901)[0m                                  'use_torch_compile': False},
[36m(TaskRunner pid=35901)[0m                        'hybrid_engine': True,
[36m(TaskRunner pid=35901)[0m                        'model': {'_target_': 'verl.workers.config.HFModelConfig',
[36m(TaskRunner pid=35901)[0m                                  'custom_chat_template': None,
[36m(TaskRunner pid=35901)[0m                                  'custom_chat_template_file': None,
[36m(TaskRunner pid=35901)[0m                                  'enable_activation_offload': False,
[36m(TaskRunner pid=35901)[0m                                  'enable_gradient_checkpointing': True,
[36m(TaskRunner pid=35901)[0m                                  'exclude_modules': None,
[36m(TaskRunner pid=35901)[0m                                  'external_lib': None,
[36m(TaskRunner pid=35901)[0m                                  'fused_kernel_options': {'impl_backend': 'torch'},
[36m(TaskRunner pid=35901)[0m                                  'hf_config_path': None,
[36m(TaskRunner pid=35901)[0m                                  'lora_adapter_path': None,
[36m(TaskRunner pid=35901)[0m                                  'lora_alpha': 16,
[36m(TaskRunner pid=35901)[0m                                  'lora_rank': 8,
[36m(TaskRunner pid=35901)[0m                                  'override_config': {},
[36m(TaskRunner pid=35901)[0m                                  'path': '/workspace/models/Qwen2.5-VL-3B-Instruct',
[36m(TaskRunner pid=35901)[0m                                  'target_modules': '.*language_model.layers.*(q_proj|k_proj|v_proj|o_proj|gate_proj|up_proj|down_proj)',
[36m(TaskRunner pid=35901)[0m                                  'tiled_mlp': {'enabled': False,
[36m(TaskRunner pid=35901)[0m                                                'num_shards': 4},
[36m(TaskRunner pid=35901)[0m                                  'tokenizer_path': None,
[36m(TaskRunner pid=35901)[0m                                  'trust_remote_code': True,
[36m(TaskRunner pid=35901)[0m                                  'use_fused_kernels': False,
[36m(TaskRunner pid=35901)[0m                                  'use_liger': False,
[36m(TaskRunner pid=35901)[0m                                  'use_remove_padding': True,
[36m(TaskRunner pid=35901)[0m                                  'use_shm': False,
[36m(TaskRunner pid=35901)[0m                                  'vision_token_pruning': {'enabled': True,
[36m(TaskRunner pid=35901)[0m                                                           'keep_ratio': 0.1,
[36m(TaskRunner pid=35901)[0m                                                           'layerwise_backend': 'flex',
[36m(TaskRunner pid=35901)[0m                                                           'pre_pruning_backend': 'flash',
[36m(TaskRunner pid=35901)[0m                                                           'prefill_keep_ratio': None,
[36m(TaskRunner pid=35901)[0m                                                           'prefill_prune_after_layer': -1,
[36m(TaskRunner pid=35901)[0m                                                           'prefill_selector': 'embedding_norm',
[36m(TaskRunner pid=35901)[0m                                                           'prefill_selector_kwargs': {},
[36m(TaskRunner pid=35901)[0m                                                           'prune_after_layer': 0,
[36m(TaskRunner pid=35901)[0m                                                           'selector': 'vision_pulse',
[36m(TaskRunner pid=35901)[0m                                                           'selector_input': 'decode_query',
[36m(TaskRunner pid=35901)[0m                                                           'selector_kwargs': {'budget_mode': 'top_p',
[36m(TaskRunner pid=35901)[0m                                                                               'capture_capacity': 256,
[36m(TaskRunner pid=35901)[0m                                                                               'max_keep_ratio': 0.5,
[36m(TaskRunner pid=35901)[0m                                                                               'min_keep_ratio': 0.05,
[36m(TaskRunner pid=35901)[0m                                                                               'temperature': 1.0,
[36m(TaskRunner pid=35901)[0m                                                                               'top_p': 0.8}}},
[36m(TaskRunner pid=35901)[0m                        'nccl_timeout': 600,
[36m(TaskRunner pid=35901)[0m                        'ref': {'_target_': 'verl.workers.config.FSDPActorConfig',
[36m(TaskRunner pid=35901)[0m                                'entropy_checkpointing': False,
[36m(TaskRunner pid=35901)[0m                                'entropy_from_logits_with_chunking': False,
[36m(TaskRunner pid=35901)[0m                                'fsdp_config': {'_target_': 'verl.workers.config.FSDPEngineConfig',
[36m(TaskRunner pid=35901)[0m                                                'dtype': 'bfloat16',
[36m(TaskRunner pid=35901)[0m                                                'entropy_checkpointing': False,
[36m(TaskRunner pid=35901)[0m                                                'entropy_from_logits_with_chunking': False,
[36m(TaskRunner pid=35901)[0m                                                'forward_only': True,
[36m(TaskRunner pid=35901)[0m                                                'forward_prefetch': False,
[36m(TaskRunner pid=35901)[0m                                                'fsdp_size': -1,
[36m(TaskRunner pid=35901)[0m                                                'full_determinism': False,
[36m(TaskRunner pid=35901)[0m                                                'model_dtype': 'fp32',
[36m(TaskRunner pid=35901)[0m                                                'offload_policy': False,
[36m(TaskRunner pid=35901)[0m                                                'optimizer_offload': False,
[36m(TaskRunner pid=35901)[0m                                                'param_offload': False,
[36m(TaskRunner pid=35901)[0m                                                'reshard_after_forward': True,
[36m(TaskRunner pid=35901)[0m                                                'seed': 42,
[36m(TaskRunner pid=35901)[0m                                                'strategy': 'fsdp',
[36m(TaskRunner pid=35901)[0m                                                'ulysses_sequence_parallel_size': 1,
[36m(TaskRunner pid=35901)[0m                                                'use_orig_params': False,
[36m(TaskRunner pid=35901)[0m                                                'use_torch_compile': True,
[36m(TaskRunner pid=35901)[0m                                                'wrap_policy': {'min_num_params': 0}},
[36m(TaskRunner pid=35901)[0m                                'log_prob_max_token_len_per_gpu': 3072,
[36m(TaskRunner pid=35901)[0m                                'log_prob_micro_batch_size': None,
[36m(TaskRunner pid=35901)[0m                                'log_prob_micro_batch_size_per_gpu': 1,
[36m(TaskRunner pid=35901)[0m                                'log_prob_use_dynamic_bsz': False,
[36m(TaskRunner pid=35901)[0m                                'profiler': {'_target_': 'verl.utils.profiler.ProfilerConfig',
[36m(TaskRunner pid=35901)[0m                                             'all_ranks': False,
[36m(TaskRunner pid=35901)[0m                                             'enable': False,
[36m(TaskRunner pid=35901)[0m                                             'ranks': [],
[36m(TaskRunner pid=35901)[0m                                             'save_path': 'outputs/profile',
[36m(TaskRunner pid=35901)[0m                                             'tool': None,
[36m(TaskRunner pid=35901)[0m                                             'tool_config': {'npu': {'_target_': 'verl.utils.profiler.config.NPUToolConfig',
[36m(TaskRunner pid=35901)[0m                                                                     'analysis': True,
[36m(TaskRunner pid=35901)[0m                                                                     'contents': [],
[36m(TaskRunner pid=35901)[0m                                                                     'discrete': False,
[36m(TaskRunner pid=35901)[0m                                                                     'level': 'level0'},
[36m(TaskRunner pid=35901)[0m                                                             'nsys': {'_target_': 'verl.utils.profiler.config.NsightToolConfig',
[36m(TaskRunner pid=35901)[0m                                                                      'discrete': False},
[36m(TaskRunner pid=35901)[0m                                                             'torch': {'_target_': 'verl.utils.profiler.config.TorchProfilerToolConfig',
[36m(TaskRunner pid=35901)[0m                                                                       'step_end': None,
[36m(TaskRunner pid=35901)[0m                                                                       'step_start': 0},
[36m(TaskRunner pid=35901)[0m                                                             'torch_memory': {'_target_': 'verl.utils.profiler.config.TorchMemoryToolConfig',
[36m(TaskRunner pid=35901)[0m                                                                              'stack_depth': 32,
[36m(TaskRunner pid=35901)[0m                                                                              'trace_alloc_max_entries': 100000}}},
[36m(TaskRunner pid=35901)[0m                                'rollout_n': 1,
[36m(TaskRunner pid=35901)[0m                                'router_replay': {'_target_': 'verl.workers.config.RouterReplayConfig',
[36m(TaskRunner pid=35901)[0m                                                  'mode': 'disabled',
[36m(TaskRunner pid=35901)[0m                                                  'record_file': None,
[36m(TaskRunner pid=35901)[0m                                                  'replay_file': None},
[36m(TaskRunner pid=35901)[0m                                'strategy': 'fsdp',
[36m(TaskRunner pid=35901)[0m                                'ulysses_sequence_parallel_size': 1,
[36m(TaskRunner pid=35901)[0m                                'use_torch_compile': False},
[36m(TaskRunner pid=35901)[0m                        'rollout': {'_target_': 'verl.workers.config.RolloutConfig',
[36m(TaskRunner pid=35901)[0m                                    'agent': {'_target_': 'verl.workers.config.AgentLoopConfig',
[36m(TaskRunner pid=35901)[0m                                              'agent_loop_config_path': None,
[36m(TaskRunner pid=35901)[0m                                              'custom_async_server': {'_target_': 'verl.workers.config.CustomAsyncServerConfig',
[36m(TaskRunner pid=35901)[0m                                                                      'name': None,
[36m(TaskRunner pid=35901)[0m                                                                      'path': None},
[36m(TaskRunner pid=35901)[0m                                              'default_agent_loop': 'single_turn_agent',
[36m(TaskRunner pid=35901)[0m                                              'num_workers': 1},
[36m(TaskRunner pid=35901)[0m                                    'calculate_log_probs': True,
[36m(TaskRunner pid=35901)[0m                                    'cudagraph_capture_sizes': None,
[36m(TaskRunner pid=35901)[0m                                    'data_parallel_size': 1,
[36m(TaskRunner pid=35901)[0m                                    'disable_log_stats': True,
[36m(TaskRunner pid=35901)[0m                                    'do_sample': True,
[36m(TaskRunner pid=35901)[0m                                    'dtype': 'bfloat16',
[36m(TaskRunner pid=35901)[0m                                    'enable_chunked_prefill': True,
[36m(TaskRunner pid=35901)[0m                                    'enable_prefix_caching': False,
[36m(TaskRunner pid=35901)[0m                                    'enable_rollout_routing_replay': False,
[36m(TaskRunner pid=35901)[0m                                    'enforce_eager': True,
[36m(TaskRunner pid=35901)[0m                                    'engine_kwargs': {'sglang': {},
[36m(TaskRunner pid=35901)[0m                                                      'vllm': {'kv_cache_memory_bytes': 134217728}},
[36m(TaskRunner pid=35901)[0m                                    'expert_parallel_size': 1,
[36m(TaskRunner pid=35901)[0m                                    'free_cache_engine': True,
[36m(TaskRunner pid=35901)[0m                                    'gpu_memory_utilization': 0.35,
[36m(TaskRunner pid=35901)[0m                                    'ignore_eos': False,
[36m(TaskRunner pid=35901)[0m                                    'layered_summon': True,
[36m(TaskRunner pid=35901)[0m                                    'load_format': 'safetensors',
[36m(TaskRunner pid=35901)[0m                                    'log_prob_max_token_len_per_gpu': 3072,
[36m(TaskRunner pid=35901)[0m                                    'log_prob_micro_batch_size': None,
[36m(TaskRunner pid=35901)[0m                                    'log_prob_micro_batch_size_per_gpu': 1,
[36m(TaskRunner pid=35901)[0m                                    'log_prob_use_dynamic_bsz': False,
[36m(TaskRunner pid=35901)[0m                                    'logprobs_mode': 'processed_logprobs',
[36m(TaskRunner pid=35901)[0m                                    'max_model_len': 3072,
[36m(TaskRunner pid=35901)[0m                                    'max_num_batched_tokens': 3072,
[36m(TaskRunner pid=35901)[0m                                    'max_num_seqs': 4,
[36m(TaskRunner pid=35901)[0m                                    'mode': 'async',
[36m(TaskRunner pid=35901)[0m                                    'multi_stage_wake_up': False,
[36m(TaskRunner pid=35901)[0m                                    'multi_turn': {'_target_': 'verl.workers.config.MultiTurnConfig',
[36m(TaskRunner pid=35901)[0m                                                   'enable': False,
[36m(TaskRunner pid=35901)[0m                                                   'format': 'hermes',
[36m(TaskRunner pid=35901)[0m                                                   'interaction_config_path': None,
[36m(TaskRunner pid=35901)[0m                                                   'max_assistant_turns': None,
[36m(TaskRunner pid=35901)[0m                                                   'max_parallel_calls': 1,
[36m(TaskRunner pid=35901)[0m                                                   'max_tool_response_length': 256,
[36m(TaskRunner pid=35901)[0m                                                   'max_user_turns': None,
[36m(TaskRunner pid=35901)[0m                                                   'num_repeat_rollouts': None,
[36m(TaskRunner pid=35901)[0m                                                   'tokenization_sanity_check_mode': 'strict',
[36m(TaskRunner pid=35901)[0m                                                   'tool_config_path': None,
[36m(TaskRunner pid=35901)[0m                                                   'tool_response_truncate_side': 'middle',
[36m(TaskRunner pid=35901)[0m                                                   'use_inference_chat_template': False},
[36m(TaskRunner pid=35901)[0m                                    'n': 1,
[36m(TaskRunner pid=35901)[0m                                    'name': 'vllm',
[36m(TaskRunner pid=35901)[0m                                    'over_sample_rate': 0,
[36m(TaskRunner pid=35901)[0m                                    'pipeline_model_parallel_size': 1,
[36m(TaskRunner pid=35901)[0m                                    'profiler': {'_target_': 'verl.utils.profiler.ProfilerConfig',
[36m(TaskRunner pid=35901)[0m                                                 'all_ranks': False,
[36m(TaskRunner pid=35901)[0m                                                 'enable': False,
[36m(TaskRunner pid=35901)[0m                                                 'ranks': [],
[36m(TaskRunner pid=35901)[0m                                                 'save_path': 'outputs/profile',
[36m(TaskRunner pid=35901)[0m                                                 'tool': None,
[36m(TaskRunner pid=35901)[0m                                                 'tool_config': {'npu': {'_target_': 'verl.utils.profiler.config.NPUToolConfig',
[36m(TaskRunner pid=35901)[0m                                                                         'analysis': True,
[36m(TaskRunner pid=35901)[0m                                                                         'contents': [],
[36m(TaskRunner pid=35901)[0m                                                                         'discrete': False,
[36m(TaskRunner pid=35901)[0m                                                                         'level': 'level0'},
[36m(TaskRunner pid=35901)[0m                                                                 'nsys': {'_target_': 'verl.utils.profiler.config.NsightToolConfig',
[36m(TaskRunner pid=35901)[0m                                                                          'discrete': False},
[36m(TaskRunner pid=35901)[0m                                                                 'torch': {'_target_': 'verl.utils.profiler.config.TorchProfilerToolConfig',
[36m(TaskRunner pid=35901)[0m                                                                           'step_end': None,
[36m(TaskRunner pid=35901)[0m                                                                           'step_start': 0},
[36m(TaskRunner pid=35901)[0m                                                                 'torch_memory': {'_target_': 'verl.utils.profiler.config.TorchMemoryToolConfig',
[36m(TaskRunner pid=35901)[0m                                                                                  'stack_depth': 32,
[36m(TaskRunner pid=35901)[0m                                                                                  'trace_alloc_max_entries': 100000}}},
[36m(TaskRunner pid=35901)[0m                                    'prometheus': {'_target_': 'verl.workers.config.PrometheusConfig',
[36m(TaskRunner pid=35901)[0m                                                   'enable': False,
[36m(TaskRunner pid=35901)[0m                                                   'file': '/tmp/ray/session_latest/metrics/prometheus/prometheus.yml',
[36m(TaskRunner pid=35901)[0m                                                   'port': 9090,
[36m(TaskRunner pid=35901)[0m                                                   'served_model_name': '/workspace/models/Qwen2.5-VL-3B-Instruct'},
[36m(TaskRunner pid=35901)[0m                                    'prompt_length': 2048,
[36m(TaskRunner pid=35901)[0m                                    'quantization': None,
[36m(TaskRunner pid=35901)[0m                                    'quantization_config_file': None,
[36m(TaskRunner pid=35901)[0m                                    'response_length': 1024,
[36m(TaskRunner pid=35901)[0m                                    'scheduling_policy': 'fcfs',
[36m(TaskRunner pid=35901)[0m                                    'skip_dump_dir': '/tmp/rollout_dump',
[36m(TaskRunner pid=35901)[0m                                    'skip_rollout': False,
[36m(TaskRunner pid=35901)[0m                                    'skip_tokenizer_init': True,
[36m(TaskRunner pid=35901)[0m                                    'temperature': 1.0,
[36m(TaskRunner pid=35901)[0m                                    'tensor_model_parallel_size': 1,
[36m(TaskRunner pid=35901)[0m                                    'top_k': -1,
[36m(TaskRunner pid=35901)[0m                                    'top_p': 1,
[36m(TaskRunner pid=35901)[0m                                    'trace': {'_target_': 'verl.workers.config.TraceConfig',
[36m(TaskRunner pid=35901)[0m                                              'backend': None,
[36m(TaskRunner pid=35901)[0m                                              'max_samples_per_step_per_worker': None,
[36m(TaskRunner pid=35901)[0m                                              'token2text': False},
[36m(TaskRunner pid=35901)[0m                                    'update_weights_bucket_megabytes': 512,
[36m(TaskRunner pid=35901)[0m                                    'val_kwargs': {'_target_': 'verl.workers.config.SamplingConfig',
[36m(TaskRunner pid=35901)[0m                                                   'do_sample': False,
[36m(TaskRunner pid=35901)[0m                                                   'n': 1,
[36m(TaskRunner pid=35901)[0m                                                   'temperature': 0,
[36m(TaskRunner pid=35901)[0m                                                   'top_k': -1,
[36m(TaskRunner pid=35901)[0m                                                   'top_p': 1.0}}},
[36m(TaskRunner pid=35901)[0m  'algorithm': {'_target_': 'verl.trainer.config.AlgoConfig',
[36m(TaskRunner pid=35901)[0m                'adv_estimator': 'grpo',
[36m(TaskRunner pid=35901)[0m                'gamma': 1.0,
[36m(TaskRunner pid=35901)[0m                'kl_ctrl': {'_target_': 'verl.trainer.config.KLControlConfig',
[36m(TaskRunner pid=35901)[0m                            'horizon': 10000,
[36m(TaskRunner pid=35901)[0m                            'kl_coef': 0.001,
[36m(TaskRunner pid=35901)[0m                            'target_kl': 0.1,
[36m(TaskRunner pid=35901)[0m                            'type': 'fixed'},
[36m(TaskRunner pid=35901)[0m                'kl_penalty': 'kl',
[36m(TaskRunner pid=35901)[0m                'lam': 1.0,
[36m(TaskRunner pid=35901)[0m                'norm_adv_by_std_in_grpo': False,
[36m(TaskRunner pid=35901)[0m                'pf_ppo': {'reweight_method': 'pow', 'weight_pow': 2.0},
[36m(TaskRunner pid=35901)[0m                'rollout_correction': {'bypass_mode': False,
[36m(TaskRunner pid=35901)[0m                                       'loss_type': 'ppo_clip',
[36m(TaskRunner pid=35901)[0m                                       'rollout_is': 'token',
[36m(TaskRunner pid=35901)[0m                                       'rollout_is_batch_normalize': False,
[36m(TaskRunner pid=35901)[0m                                       'rollout_is_threshold': 2.0,
[36m(TaskRunner pid=35901)[0m                                       'rollout_rs': None,
[36m(TaskRunner pid=35901)[0m                                       'rollout_rs_threshold': None},
[36m(TaskRunner pid=35901)[0m                'use_kl_in_reward': False,
[36m(TaskRunner pid=35901)[0m                'use_pf_ppo': False},
[36m(TaskRunner pid=35901)[0m  'critic': {'_target_': 'verl.workers.config.FSDPCriticConfig',
[36m(TaskRunner pid=35901)[0m             'checkpoint': {'_target_': 'verl.trainer.config.CheckpointConfig',
[36m(TaskRunner pid=35901)[0m                            'async_save': False,
[36m(TaskRunner pid=35901)[0m                            'load_contents': ['model', 'optimizer', 'extra'],
[36m(TaskRunner pid=35901)[0m                            'save_contents': ['model', 'optimizer', 'extra']},
[36m(TaskRunner pid=35901)[0m             'cliprange_value': 0.5,
[36m(TaskRunner pid=35901)[0m             'data_loader_seed': 42,
[36m(TaskRunner pid=35901)[0m             'enable': False,
[36m(TaskRunner pid=35901)[0m             'forward_max_token_len_per_gpu': 32768,
[36m(TaskRunner pid=35901)[0m             'forward_micro_batch_size': None,
[36m(TaskRunner pid=35901)[0m             'forward_micro_batch_size_per_gpu': None,
[36m(TaskRunner pid=35901)[0m             'grad_clip': 1.0,
[36m(TaskRunner pid=35901)[0m             'loss_agg_mode': 'token-mean',
[36m(TaskRunner pid=35901)[0m             'model': {'_target_': 'verl.workers.config.FSDPCriticModelCfg',
[36m(TaskRunner pid=35901)[0m                       'enable_activation_offload': False,
[36m(TaskRunner pid=35901)[0m                       'enable_gradient_checkpointing': True,
[36m(TaskRunner pid=35901)[0m                       'external_lib': None,
[36m(TaskRunner pid=35901)[0m                       'fsdp_config': {'_target_': 'verl.workers.config.FSDPEngineConfig',
[36m(TaskRunner pid=35901)[0m                                       'dtype': 'bfloat16',
[36m(TaskRunner pid=35901)[0m                                       'entropy_checkpointing': False,
[36m(TaskRunner pid=35901)[0m                                       'entropy_from_logits_with_chunking': False,
[36m(TaskRunner pid=35901)[0m                                       'forward_only': False,
[36m(TaskRunner pid=35901)[0m                                       'forward_prefetch': False,
[36m(TaskRunner pid=35901)[0m                                       'fsdp_size': -1,
[36m(TaskRunner pid=35901)[0m                                       'full_determinism': False,
[36m(TaskRunner pid=35901)[0m                                       'model_dtype': 'fp32',
[36m(TaskRunner pid=35901)[0m                                       'offload_policy': False,
[36m(TaskRunner pid=35901)[0m                                       'optimizer_offload': False,
[36m(TaskRunner pid=35901)[0m                                       'param_offload': False,
[36m(TaskRunner pid=35901)[0m                                       'reshard_after_forward': True,
[36m(TaskRunner pid=35901)[0m                                       'seed': 42,
[36m(TaskRunner pid=35901)[0m                                       'strategy': 'fsdp',
[36m(TaskRunner pid=35901)[0m                                       'ulysses_sequence_parallel_size': 1,
[36m(TaskRunner pid=35901)[0m                                       'use_orig_params': False,
[36m(TaskRunner pid=35901)[0m                                       'use_torch_compile': True,
[36m(TaskRunner pid=35901)[0m                                       'wrap_policy': {'min_num_params': 0}},
[36m(TaskRunner pid=35901)[0m                       'lora_alpha': 16,
[36m(TaskRunner pid=35901)[0m                       'lora_rank': 0,
[36m(TaskRunner pid=35901)[0m                       'override_config': {},
[36m(TaskRunner pid=35901)[0m                       'path': 'Qwen/Qwen3.5-4B',
[36m(TaskRunner pid=35901)[0m                       'target_modules': 'all-linear',
[36m(TaskRunner pid=35901)[0m                       'tiled_mlp': {'enabled': False, 'num_shards': 4},
[36m(TaskRunner pid=35901)[0m                       'tokenizer_path': '/workspace/models/Qwen2.5-VL-3B-Instruct',
[36m(TaskRunner pid=35901)[0m                       'trust_remote_code': True,
[36m(TaskRunner pid=35901)[0m                       'use_remove_padding': False,
[36m(TaskRunner pid=35901)[0m                       'use_shm': False},
[36m(TaskRunner pid=35901)[0m             'optim': {'_target_': 'verl.workers.config.FSDPOptimizerConfig',
[36m(TaskRunner pid=35901)[0m                       'betas': [0.9, 0.999],
[36m(TaskRunner pid=35901)[0m                       'clip_grad': 1.0,
[36m(TaskRunner pid=35901)[0m                       'lr': 1e-05,
[36m(TaskRunner pid=35901)[0m                       'lr_scheduler_type': 'constant',
[36m(TaskRunner pid=35901)[0m                       'lr_warmup_steps': -1,
[36m(TaskRunner pid=35901)[0m                       'lr_warmup_steps_ratio': 0.0,
[36m(TaskRunner pid=35901)[0m                       'min_lr_ratio': 0.0,
[36m(TaskRunner pid=35901)[0m                       'num_cycles': 0.5,
[36m(TaskRunner pid=35901)[0m                       'optimizer': 'AdamW',
[36m(TaskRunner pid=35901)[0m                       'optimizer_impl': 'torch.optim',
[36m(TaskRunner pid=35901)[0m                       'override_optimizer_config': None,
[36m(TaskRunner pid=35901)[0m                       'total_training_steps': -1,
[36m(TaskRunner pid=35901)[0m                       'warmup_style': None,
[36m(TaskRunner pid=35901)[0m                       'weight_decay': 0.01},
[36m(TaskRunner pid=35901)[0m             'ppo_epochs': 1,
[36m(TaskRunner pid=35901)[0m             'ppo_max_token_len_per_gpu': 32768,
[36m(TaskRunner pid=35901)[0m             'ppo_micro_batch_size': None,
[36m(TaskRunner pid=35901)[0m             'ppo_micro_batch_size_per_gpu': None,
[36m(TaskRunner pid=35901)[0m             'ppo_mini_batch_size': 1,
[36m(TaskRunner pid=35901)[0m             'profiler': {'_target_': 'verl.utils.profiler.ProfilerConfig',
[36m(TaskRunner pid=35901)[0m                          'all_ranks': False,
[36m(TaskRunner pid=35901)[0m                          'enable': False,
[36m(TaskRunner pid=35901)[0m                          'ranks': [],
[36m(TaskRunner pid=35901)[0m                          'save_path': 'outputs/profile',
[36m(TaskRunner pid=35901)[0m                          'tool': None,
[36m(TaskRunner pid=35901)[0m                          'tool_config': {'npu': {'_target_': 'verl.utils.profiler.config.NPUToolConfig',
[36m(TaskRunner pid=35901)[0m                                                  'analysis': True,
[36m(TaskRunner pid=35901)[0m                                                  'contents': [],
[36m(TaskRunner pid=35901)[0m                                                  'discrete': False,
[36m(TaskRunner pid=35901)[0m                                                  'level': 'level0'},
[36m(TaskRunner pid=35901)[0m                                          'nsys': {'_target_': 'verl.utils.profiler.config.NsightToolConfig',
[36m(TaskRunner pid=35901)[0m                                                   'discrete': False},
[36m(TaskRunner pid=35901)[0m                                          'torch': {'_target_': 'verl.utils.profiler.config.TorchProfilerToolConfig',
[36m(TaskRunner pid=35901)[0m                                                    'step_end': None,
[36m(TaskRunner pid=35901)[0m                                                    'step_start': 0},
[36m(TaskRunner pid=35901)[0m                                          'torch_memory': {'_target_': 'verl.utils.profiler.config.TorchMemoryToolConfig',
[36m(TaskRunner pid=35901)[0m                                                           'stack_depth': 32,
[36m(TaskRunner pid=35901)[0m                                                           'trace_alloc_max_entries': 100000}}},
[36m(TaskRunner pid=35901)[0m             'rollout_n': 1,
[36m(TaskRunner pid=35901)[0m             'shuffle': False,
[36m(TaskRunner pid=35901)[0m             'strategy': 'fsdp',
[36m(TaskRunner pid=35901)[0m             'ulysses_sequence_parallel_size': 1,
[36m(TaskRunner pid=35901)[0m             'use_dynamic_bsz': False},
[36m(TaskRunner pid=35901)[0m  'custom_reward_function': {'name': 'compute_score', 'path': None},
[36m(TaskRunner pid=35901)[0m  'data': {'apply_chat_template_kwargs': {},
[36m(TaskRunner pid=35901)[0m           'custom_cls': {'name': None, 'path': None},
[36m(TaskRunner pid=35901)[0m           'datagen': {'name': None, 'path': None},
[36m(TaskRunner pid=35901)[0m           'dataloader_num_workers': 0,
[36m(TaskRunner pid=35901)[0m           'filter_overlong_prompts': False,
[36m(TaskRunner pid=35901)[0m           'filter_overlong_prompts_workers': 1,
[36m(TaskRunner pid=35901)[0m           'image_key': 'images',
[36m(TaskRunner pid=35901)[0m           'image_patch_size': 14,
[36m(TaskRunner pid=35901)[0m           'max_prompt_length': 2048,
[36m(TaskRunner pid=35901)[0m           'max_response_length': 1024,
[36m(TaskRunner pid=35901)[0m           'prompt_key': 'prompt',
[36m(TaskRunner pid=35901)[0m           'return_full_prompt': False,
[36m(TaskRunner pid=35901)[0m           'return_multi_modal_inputs': True,
[36m(TaskRunner pid=35901)[0m           'return_raw_chat': True,
[36m(TaskRunner pid=35901)[0m           'return_raw_input_ids': False,
[36m(TaskRunner pid=35901)[0m           'reward_fn_key': 'data_source',
[36m(TaskRunner pid=35901)[0m           'sampler': {'class_name': None, 'class_path': None},
[36m(TaskRunner pid=35901)[0m           'seed': None,
[36m(TaskRunner pid=35901)[0m           'shuffle': False,
[36m(TaskRunner pid=35901)[0m           'tokenizer': None,
[36m(TaskRunner pid=35901)[0m           'tool_config_path': None,
[36m(TaskRunner pid=35901)[0m           'train_batch_size': 1,
[36m(TaskRunner pid=35901)[0m           'train_files': ['/workspace/data/chartvqa_opd_cot1024/train.parquet'],
[36m(TaskRunner pid=35901)[0m           'train_max_samples': 16,
[36m(TaskRunner pid=35901)[0m           'truncation': 'error',
[36m(TaskRunner pid=35901)[0m           'trust_remote_code': True,
[36m(TaskRunner pid=35901)[0m           'use_shm': False,
[36m(TaskRunner pid=35901)[0m           'val_batch_size': None,
[36m(TaskRunner pid=35901)[0m           'val_files': [],
[36m(TaskRunner pid=35901)[0m           'val_max_samples': -1,
[36m(TaskRunner pid=35901)[0m           'validation_shuffle': False,
[36m(TaskRunner pid=35901)[0m           'video_key': 'videos'},
[36m(TaskRunner pid=35901)[0m  'global_profiler': {'_target_': 'verl.utils.profiler.ProfilerConfig',
[36m(TaskRunner pid=35901)[0m                      'global_tool_config': {'nsys': {'_target_': 'verl.utils.profiler.config.NsightToolConfig',
[36m(TaskRunner pid=35901)[0m                                                      'controller_nsight_options': {'cuda-graph-trace': 'graph',
[36m(TaskRunner pid=35901)[0m                                                                                    'cuda-memory-usage': 'true',
[36m(TaskRunner pid=35901)[0m                                                                                    'trace': 'cuda,nvtx,cublas,ucx'},
[36m(TaskRunner pid=35901)[0m                                                      'discrete': False,
[36m(TaskRunner pid=35901)[0m                                                      'worker_nsight_options': {'capture-range': 'cudaProfilerApi',
[36m(TaskRunner pid=35901)[0m                                                                                'capture-range-end': None,
[36m(TaskRunner pid=35901)[0m                                                                                'cuda-graph-trace': 'graph',
[36m(TaskRunner pid=35901)[0m                                                                                'cuda-memory-usage': 'true',
[36m(TaskRunner pid=35901)[0m                                                                                'kill': 'none',
[36m(TaskRunner pid=35901)[0m                                                                                'trace': 'cuda,nvtx,cublas,ucx'}},
[36m(TaskRunner pid=35901)[0m                                             'torch_memory': {'context': 'all',
[36m(TaskRunner pid=35901)[0m                                                              'kw_args': {},
[36m(TaskRunner pid=35901)[0m                                                              'stack_depth': 32,
[36m(TaskRunner pid=35901)[0m                                                              'stacks': 'all',
[36m(TaskRunner pid=35901)[0m                                                              'trace_alloc_max_entries': 100000}},
[36m(TaskRunner pid=35901)[0m                      'profile_continuous_steps': False,
[36m(TaskRunner pid=35901)[0m                      'save_path': 'outputs/profile',
[36m(TaskRunner pid=35901)[0m                      'steps': None,
[36m(TaskRunner pid=35901)[0m                      'tool': None},
[36m(TaskRunner pid=35901)[0m  'max_model_len': 18944,
[36m(TaskRunner pid=35901)[0m  'ray_kwargs': {'ray_init': {'num_cpus': None}, 'timeline_json_file': None},
[36m(TaskRunner pid=35901)[0m  'reward_manager': {'_target_': 'verl.trainer.config.config.RewardManagerConfig',
[36m(TaskRunner pid=35901)[0m                     'module': {'_target_': 'verl.trainer.config.config.ModuleConfig',
[36m(TaskRunner pid=35901)[0m                                'name': 'custom_reward_manager',
[36m(TaskRunner pid=35901)[0m                                'path': None},
[36m(TaskRunner pid=35901)[0m                     'name': 'naive',
[36m(TaskRunner pid=35901)[0m                     'source': 'register'},
[36m(TaskRunner pid=35901)[0m  'reward_model': {'enable': False,
[36m(TaskRunner pid=35901)[0m                   'enable_resource_pool': False,
[36m(TaskRunner pid=35901)[0m                   'forward_max_token_len_per_gpu': 32768,
[36m(TaskRunner pid=35901)[0m                   'launch_reward_fn_async': False,
[36m(TaskRunner pid=35901)[0m                   'max_length': None,
[36m(TaskRunner pid=35901)[0m                   'micro_batch_size': None,
[36m(TaskRunner pid=35901)[0m                   'micro_batch_size_per_gpu': None,
[36m(TaskRunner pid=35901)[0m                   'model': {'external_lib': None,
[36m(TaskRunner pid=35901)[0m                             'fsdp_config': {'_target_': 'verl.workers.config.FSDPEngineConfig',
[36m(TaskRunner pid=35901)[0m                                             'forward_prefetch': False,
[36m(TaskRunner pid=35901)[0m                                             'fsdp_size': -1,
[36m(TaskRunner pid=35901)[0m                                             'param_offload': False,
[36m(TaskRunner pid=35901)[0m                                             'reshard_after_forward': True,
[36m(TaskRunner pid=35901)[0m                                             'wrap_policy': {'min_num_params': 0}},
[36m(TaskRunner pid=35901)[0m                             'input_tokenizer': '/workspace/models/Qwen2.5-VL-3B-Instruct',
[36m(TaskRunner pid=35901)[0m                             'override_config': {},
[36m(TaskRunner pid=35901)[0m                             'path': '~/models/FsfairX-LLaMA3-RM-v0.1',
[36m(TaskRunner pid=35901)[0m                             'trust_remote_code': False,
[36m(TaskRunner pid=35901)[0m                             'use_fused_kernels': False,
[36m(TaskRunner pid=35901)[0m                             'use_remove_padding': False,
[36m(TaskRunner pid=35901)[0m                             'use_shm': False},
[36m(TaskRunner pid=35901)[0m                   'n_gpus_per_node': 8,
[36m(TaskRunner pid=35901)[0m                   'nnodes': 0,
[36m(TaskRunner pid=35901)[0m                   'num_workers': 1,
[36m(TaskRunner pid=35901)[0m                   'profiler': {'_target_': 'verl.utils.profiler.ProfilerConfig',
[36m(TaskRunner pid=35901)[0m                                'all_ranks': False,
[36m(TaskRunner pid=35901)[0m                                'enable': False,
[36m(TaskRunner pid=35901)[0m                                'ranks': [],
[36m(TaskRunner pid=35901)[0m                                'save_path': 'outputs/profile',
[36m(TaskRunner pid=35901)[0m                                'tool': None,
[36m(TaskRunner pid=35901)[0m                                'tool_config': {'npu': {'_target_': 'verl.utils.profiler.config.NPUToolConfig',
[36m(TaskRunner pid=35901)[0m                                                        'analysis': True,
[36m(TaskRunner pid=35901)[0m                                                        'contents': [],
[36m(TaskRunner pid=35901)[0m                                                        'discrete': False,
[36m(TaskRunner pid=35901)[0m                                                        'level': 'level0'},
[36m(TaskRunner pid=35901)[0m                                                'nsys': {'_target_': 'verl.utils.profiler.config.NsightToolConfig',
[36m(TaskRunner pid=35901)[0m                                                         'discrete': False},
[36m(TaskRunner pid=35901)[0m                                                'torch': {'_target_': 'verl.utils.profiler.config.TorchProfilerToolConfig',
[36m(TaskRunner pid=35901)[0m                                                          'step_end': None,
[36m(TaskRunner pid=35901)[0m                                                          'step_start': 0},
[36m(TaskRunner pid=35901)[0m                                                'torch_memory': {'_target_': 'verl.utils.profiler.config.TorchMemoryToolConfig',
[36m(TaskRunner pid=35901)[0m                                                                 'stack_depth': 32,
[36m(TaskRunner pid=35901)[0m                                                                 'trace_alloc_max_entries': 100000}}},
[36m(TaskRunner pid=35901)[0m                   'reward_loop_class_name': None,
[36m(TaskRunner pid=35901)[0m                   'reward_loop_module_path': None,
[36m(TaskRunner pid=35901)[0m                   'reward_loop_source': 'register',
[36m(TaskRunner pid=35901)[0m                   'reward_manager': 'naive',
[36m(TaskRunner pid=35901)[0m                   'rollout': {'_target_': 'verl.workers.config.RolloutConfig',
[36m(TaskRunner pid=35901)[0m                               'cudagraph_capture_sizes': None,
[36m(TaskRunner pid=35901)[0m                               'data_parallel_size': 1,
[36m(TaskRunner pid=35901)[0m                               'disable_log_stats': True,
[36m(TaskRunner pid=35901)[0m                               'dtype': 'bfloat16',
[36m(TaskRunner pid=35901)[0m                               'enable_chunked_prefill': True,
[36m(TaskRunner pid=35901)[0m                               'enable_prefix_caching': True,
[36m(TaskRunner pid=35901)[0m                               'enforce_eager': True,
[36m(TaskRunner pid=35901)[0m                               'engine_kwargs': {},
[36m(TaskRunner pid=35901)[0m                               'expert_parallel_size': 1,
[36m(TaskRunner pid=35901)[0m                               'free_cache_engine': True,
[36m(TaskRunner pid=35901)[0m                               'gpu_memory_utilization': 0.5,
[36m(TaskRunner pid=35901)[0m                               'limit_images': None,
[36m(TaskRunner pid=35901)[0m                               'load_format': 'auto',
[36m(TaskRunner pid=35901)[0m                               'max_model_len': None,
[36m(TaskRunner pid=35901)[0m                               'max_num_batched_tokens': 8192,
[36m(TaskRunner pid=35901)[0m                               'max_num_seqs': 1024,
[36m(TaskRunner pid=35901)[0m                               'name': '???',
[36m(TaskRunner pid=35901)[0m                               'prompt_length': 2048,
[36m(TaskRunner pid=35901)[0m                               'response_length': 2048,
[36m(TaskRunner pid=35901)[0m                               'skip_tokenizer_init': False,
[36m(TaskRunner pid=35901)[0m                               'tensor_model_parallel_size': 2},
[36m(TaskRunner pid=35901)[0m                   'sandbox_fusion': {'max_concurrent': 64,
[36m(TaskRunner pid=35901)[0m                                      'memory_limit_mb': 1024,
[36m(TaskRunner pid=35901)[0m                                      'url': None},
[36m(TaskRunner pid=35901)[0m                   'strategy': 'fsdp',
[36m(TaskRunner pid=35901)[0m                   'ulysses_sequence_parallel_size': 1,
[36m(TaskRunner pid=35901)[0m                   'use_dynamic_bsz': False,
[36m(TaskRunner pid=35901)[0m                   'use_reward_loop': False},
[36m(TaskRunner pid=35901)[0m  'trainer': {'balance_batch': False,
[36m(TaskRunner pid=35901)[0m              'critic_warmup': 0,
[36m(TaskRunner pid=35901)[0m              'default_hdfs_dir': None,
[36m(TaskRunner pid=35901)[0m              'default_local_dir': '/workspace/outputs/chartvqa_training_cot1024_top080_10steps/checkpoints',
[36m(TaskRunner pid=35901)[0m              'del_local_ckpt_after_load': False,
[36m(TaskRunner pid=35901)[0m              'device': 'cuda',
[36m(TaskRunner pid=35901)[0m              'esi_redundant_time': 0,
[36m(TaskRunner pid=35901)[0m              'experiment_name': 'Vision-OPD',
[36m(TaskRunner pid=35901)[0m              'group_name': 'chartvqa-cot1024-top080',
[36m(TaskRunner pid=35901)[0m              'log_val_generations': 0,
[36m(TaskRunner pid=35901)[0m              'logger': ['console', 'wandb'],
[36m(TaskRunner pid=35901)[0m              'max_actor_ckpt_to_keep': None,
[36m(TaskRunner pid=35901)[0m              'max_critic_ckpt_to_keep': None,
[36m(TaskRunner pid=35901)[0m              'n_gpus_per_node': 1,
[36m(TaskRunner pid=35901)[0m              'nnodes': 1,
[36m(TaskRunner pid=35901)[0m              'project_name': 'vision-opd-chartvqa',
[36m(TaskRunner pid=35901)[0m              'ray_wait_register_center_timeout': 300,
[36m(TaskRunner pid=35901)[0m              'resume_from_path': None,
[36m(TaskRunner pid=35901)[0m              'resume_mode': 'auto',
[36m(TaskRunner pid=35901)[0m              'rollout_data_dir': '/workspace/outputs/chartvqa_training_cot1024_top080_10steps/rollouts',
[36m(TaskRunner pid=35901)[0m              'save_freq': 1,
[36m(TaskRunner pid=35901)[0m              'test_freq': -1,
[36m(TaskRunner pid=35901)[0m              'total_epochs': 1,
[36m(TaskRunner pid=35901)[0m              'total_training_steps': 10,
[36m(TaskRunner pid=35901)[0m              'use_legacy_worker_impl': 'auto',
[36m(TaskRunner pid=35901)[0m              'val_before_train': False,
[36m(TaskRunner pid=35901)[0m              'val_only': False,
[36m(TaskRunner pid=35901)[0m              'validation_data_dir': None},
[36m(TaskRunner pid=35901)[0m  'transfer_queue': {'enable': False},
[36m(TaskRunner pid=35901)[0m  'vars': {'ckpt_dir': './checkpoints', 'dir': './data', 'log_dir': './output'}}
[36m(TaskRunner pid=35901)[0m [validate_config] All configuration checks passed successfully!
[36m(TaskRunner pid=35901)[0m /workspace/verl/utils/profiler/config.py:52: UserWarning: Torch profiler tool config is not fully supported now.
[36m(TaskRunner pid=35901)[0m   warnings.warn("Torch profiler tool config is not fully supported now.", stacklevel=1)
[36m(TaskRunner pid=35901)[0m Using dataset class: RLHFDataset
[36m(TaskRunner pid=35901)[0m dataset len: 256
[36m(TaskRunner pid=35901)[0m selected 16 random samples out of 256
[36m(TaskRunner pid=35901)[0m Size of train dataloader: 16, Size of val dataloader: 0
[36m(TaskRunner pid=35901)[0m Total training steps: 10
[36m(TaskRunner pid=35901)[0m colocated worker base class <class 'verl.single_controller.base.worker.Worker'>
[36m(TaskRunner pid=35901)[0m bind role actor_rollout method chat_completion to class <class 'verl.single_controller.ray.base.create_colocated_worker_cls.<locals>.WorkerDict'>
[36m(TaskRunner pid=35901)[0m bind role actor_rollout method generate to class <class 'verl.single_controller.ray.base.create_colocated_worker_cls.<locals>.WorkerDict'>
[36m(TaskRunner pid=35901)[0m bind role actor_rollout method get_zeromq_address to class <class 'verl.single_controller.ray.base.create_colocated_worker_cls.<locals>.WorkerDict'>
[36m(TaskRunner pid=35901)[0m bind role actor_rollout method sleep to class <class 'verl.single_controller.ray.base.create_colocated_worker_cls.<locals>.WorkerDict'>
[36m(TaskRunner pid=35901)[0m bind role actor_rollout method wake_up to class <class 'verl.single_controller.ray.base.create_colocated_worker_cls.<locals>.WorkerDict'>
[36m(WorkerDict pid=36106)[0m [Gloo] Rank 0 is connected to 0 peer ranks. Expected number of connected peer ranks is : 0
[36m(WorkerDict pid=36106)[0m The image processor of type `Qwen2VLImageProcessor` is now loaded as a fast processor by default, even if the model checkpoint was saved with a slow processor. This is a breaking change and may produce slightly different outputs. To continue using the slow processor, instantiate this class with `use_fast=False`. Note that this behavior will be extended to all models in a future release.
[36m(WorkerDict pid=36106)[0m Model config after override: Qwen2_5_VLConfig {
[36m(WorkerDict pid=36106)[0m   "architectures": [
[36m(WorkerDict pid=36106)[0m     "Qwen2_5_VLForConditionalGeneration"
[36m(WorkerDict pid=36106)[0m   ],
[36m(WorkerDict pid=36106)[0m   "attention_dropout": 0.0,
[36m(WorkerDict pid=36106)[0m   "bos_token_id": 151643,
[36m(WorkerDict pid=36106)[0m   "dtype": "bfloat16",
[36m(WorkerDict pid=36106)[0m   "eos_token_id": 151645,
[36m(WorkerDict pid=36106)[0m   "hidden_act": "silu",
[36m(WorkerDict pid=36106)[0m   "hidden_size": 2048,
[36m(WorkerDict pid=36106)[0m   "image_token_id": 151655,
[36m(WorkerDict pid=36106)[0m   "initializer_range": 0.02,
[36m(WorkerDict pid=36106)[0m   "intermediate_size": 11008,
[36m(WorkerDict pid=36106)[0m   "max_position_embeddings": 128000,
[36m(WorkerDict pid=36106)[0m   "max_window_layers": 70,
[36m(WorkerDict pid=36106)[0m   "model_type": "qwen2_5_vl",
[36m(WorkerDict pid=36106)[0m   "num_attention_heads": 16,
[36m(WorkerDict pid=36106)[0m   "num_hidden_layers": 36,
[36m(WorkerDict pid=36106)[0m   "num_key_value_heads": 2,
[36m(WorkerDict pid=36106)[0m   "rms_norm_eps": 1e-06,
[36m(WorkerDict pid=36106)[0m   "rope_scaling": {
[36m(WorkerDict pid=36106)[0m     "mrope_section": [
[36m(WorkerDict pid=36106)[0m       16,
[36m(WorkerDict pid=36106)[0m       24,
[36m(WorkerDict pid=36106)[0m       24
[36m(WorkerDict pid=36106)[0m     ],
[36m(WorkerDict pid=36106)[0m     "rope_type": "default",
[36m(WorkerDict pid=36106)[0m     "type": "default"
[36m(WorkerDict pid=36106)[0m   },
[36m(WorkerDict pid=36106)[0m   "rope_theta": 1000000.0,
[36m(WorkerDict pid=36106)[0m   "sliding_window": 32768,
[36m(WorkerDict pid=36106)[0m   "text_config": {
[36m(WorkerDict pid=36106)[0m     "architectures": [
[36m(WorkerDict pid=36106)[0m       "Qwen2_5_VLForConditionalGeneration"
[36m(WorkerDict pid=36106)[0m     ],
[36m(WorkerDict pid=36106)[0m     "attention_dropout": 0.0,
[36m(WorkerDict pid=36106)[0m     "dtype": "bfloat16",
[36m(WorkerDict pid=36106)[0m     "eos_token_id": 151645,
[36m(WorkerDict pid=36106)[0m     "hidden_act": "silu",
[36m(WorkerDict pid=36106)[0m     "hidden_size": 2048,
[36m(WorkerDict pid=36106)[0m     "initializer_range": 0.02,
[36m(WorkerDict pid=36106)[0m     "intermediate_size": 11008,
[36m(WorkerDict pid=36106)[0m     "layer_types": [
[36m(WorkerDict pid=36106)[0m       "full_attention",
[36m(WorkerDict pid=36106)[0m       "full_attention",
[36m(WorkerDict pid=36106)[0m       "full_attention",
[36m(WorkerDict pid=36106)[0m       "full_attention",
[36m(WorkerDict pid=36106)[0m       "full_attention",
[36m(WorkerDict pid=36106)[0m       "full_attention",
[36m(WorkerDict pid=36106)[0m       "full_attention",
[36m(WorkerDict pid=36106)[0m       "full_attention",
[36m(WorkerDict pid=36106)[0m       "full_attention",
[36m(WorkerDict pid=36106)[0m       "full_attention",
[36m(WorkerDict pid=36106)[0m       "full_attention",
[36m(WorkerDict pid=36106)[0m       "full_attention",
[36m(WorkerDict pid=36106)[0m       "full_attention",
[36m(WorkerDict pid=36106)[0m       "full_attention",
[36m(WorkerDict pid=36106)[0m       "full_attention",
[36m(WorkerDict pid=36106)[0m       "full_attention",
[36m(WorkerDict pid=36106)[0m       "full_attention",
[36m(WorkerDict pid=36106)[0m       "full_attention",
[36m(WorkerDict pid=36106)[0m       "full_attention",
[36m(WorkerDict pid=36106)[0m       "full_attention",
[36m(WorkerDict pid=36106)[0m       "full_attention",
[36m(WorkerDict pid=36106)[0m       "full_attention",
[36m(WorkerDict pid=36106)[0m       "full_attention",
[36m(WorkerDict pid=36106)[0m       "full_attention",
[36m(WorkerDict pid=36106)[0m       "full_attention",
[36m(WorkerDict pid=36106)[0m       "full_attention",
[36m(WorkerDict pid=36106)[0m       "full_attention",
[36m(WorkerDict pid=36106)[0m       "full_attention",
[36m(WorkerDict pid=36106)[0m       "full_attention",
[36m(WorkerDict pid=36106)[0m       "full_attention",
[36m(WorkerDict pid=36106)[0m       "full_attention",
[36m(WorkerDict pid=36106)[0m       "full_attention",
[36m(WorkerDict pid=36106)[0m       "full_attention",
[36m(WorkerDict pid=36106)[0m       "full_attention",
[36m(WorkerDict pid=36106)[0m       "full_attention",
[36m(WorkerDict pid=36106)[0m       "full_attention"
[36m(WorkerDict pid=36106)[0m     ],
[36m(WorkerDict pid=36106)[0m     "max_position_embeddings": 128000,
[36m(WorkerDict pid=36106)[0m     "max_window_layers": 70,
[36m(WorkerDict pid=36106)[0m     "model_type": "qwen2_5_vl_text",
[36m(WorkerDict pid=36106)[0m     "num_attention_heads": 16,
[36m(WorkerDict pid=36106)[0m     "num_hidden_layers": 36,
[36m(WorkerDict pid=36106)[0m     "num_key_value_heads": 2,
[36m(WorkerDict pid=36106)[0m     "pad_token_id": 151643,
[36m(WorkerDict pid=36106)[0m     "rms_norm_eps": 1e-06,
[36m(WorkerDict pid=36106)[0m     "rope_scaling": {
[36m(WorkerDict pid=36106)[0m       "mrope_section": [
[36m(WorkerDict pid=36106)[0m         16,
[36m(WorkerDict pid=36106)[0m         24,
[36m(WorkerDict pid=36106)[0m         24
[36m(WorkerDict pid=36106)[0m       ],
[36m(WorkerDict pid=36106)[0m       "rope_type": "default",
[36m(WorkerDict pid=36106)[0m       "type": "default"
[36m(WorkerDict pid=36106)[0m     },
[36m(WorkerDict pid=36106)[0m     "rope_theta": 1000000.0,
[36m(WorkerDict pid=36106)[0m     "sliding_window": null,
[36m(WorkerDict pid=36106)[0m     "tie_word_embeddings": true,
[36m(WorkerDict pid=36106)[0m     "use_cache": true,
[36m(WorkerDict pid=36106)[0m     "use_sliding_window": false,
[36m(WorkerDict pid=36106)[0m     "vision_token_id": 151654,
[36m(WorkerDict pid=36106)[0m     "vocab_size": 151936
[36m(WorkerDict pid=36106)[0m   },
[36m(WorkerDict pid=36106)[0m   "transformers_version": "4.57.6",
[36m(WorkerDict pid=36106)[0m   "use_cache": true,
[36m(WorkerDict pid=36106)[0m   "use_sliding_window": false,
[36m(WorkerDict pid=36106)[0m   "video_token_id": 151656,
[36m(WorkerDict pid=36106)[0m   "vision_config": {
[36m(WorkerDict pid=36106)[0m     "depth": 32,
[36m(WorkerDict pid=36106)[0m     "fullatt_block_indexes": [
[36m(WorkerDict pid=36106)[0m       7,
[36m(WorkerDict pid=36106)[0m       15,
[36m(WorkerDict pid=36106)[0m       23,
[36m(WorkerDict pid=36106)[0m       31
[36m(WorkerDict pid=36106)[0m     ],
[36m(WorkerDict pid=36106)[0m     "hidden_act": "silu",
[36m(WorkerDict pid=36106)[0m     "hidden_size": 1280,
[36m(WorkerDict pid=36106)[0m     "in_channels": 3,
[36m(WorkerDict pid=36106)[0m     "in_chans": 3,
[36m(WorkerDict pid=36106)[0m     "initializer_range": 0.02,
[36m(WorkerDict pid=36106)[0m     "intermediate_size": 3420,
[36m(WorkerDict pid=36106)[0m     "model_type": "qwen2_5_vl",
[36m(WorkerDict pid=36106)[0m     "num_heads": 16,
[36m(WorkerDict pid=36106)[0m     "out_hidden_size": 2048,
[36m(WorkerDict pid=36106)[0m     "patch_size": 14,
[36m(WorkerDict pid=36106)[0m     "spatial_merge_size": 2,
[36m(WorkerDict pid=36106)[0m     "spatial_patch_size": 14,
[36m(WorkerDict pid=36106)[0m     "temporal_patch_size": 2,
[36m(WorkerDict pid=36106)[0m     "tokens_per_second": 2,
[36m(WorkerDict pid=36106)[0m     "window_size": 112
[36m(WorkerDict pid=36106)[0m   },
[36m(WorkerDict pid=36106)[0m   "vision_end_token_id": 151653,
[36m(WorkerDict pid=36106)[0m   "vision_start_token_id": 151652,
[36m(WorkerDict pid=36106)[0m   "vision_token_id": 151654,
[36m(WorkerDict pid=36106)[0m   "vocab_size": 151936
[36m(WorkerDict pid=36106)[0m }
[36m(WorkerDict pid=36106)[0m
[36m(WorkerDict pid=36106)[0m `torch_dtype` is deprecated! Use `dtype` instead!
[36m(WorkerDict pid=36106)[0m Flash Attention 2 only supports torch.float16 and torch.bfloat16 dtypes, but the current dype in Qwen2_5_VLForConditionalGeneration is torch.float32. You should run training or inference using Automatic Mixed-Precision via the `with torch.autocast(device_type='torch_device'):` decorator, or load the model with the `dtype` argument. Example: `model = AutoModel.from_pretrained("openai/whisper-tiny", attn_implementation="flash_attention_2", dtype=torch.float16)`
[36m(WorkerDict pid=36106)[0m Flash Attention 2 only supports torch.float16 and torch.bfloat16 dtypes, but the current dype in Qwen2_5_VLModel is torch.float32. You should run training or inference using Automatic Mixed-Precision via the `with torch.autocast(device_type='torch_device'):` decorator, or load the model with the `dtype` argument. Example: `model = AutoModel.from_pretrained("openai/whisper-tiny", attn_implementation="flash_attention_2", dtype=torch.float16)`
[36m(WorkerDict pid=36106)[0m Flash Attention 2 only supports torch.float16 and torch.bfloat16 dtypes, but the current dype in Qwen2_5_VisionTransformerPretrainedModel is torch.float32. You should run training or inference using Automatic Mixed-Precision via the `with torch.autocast(device_type='torch_device'):` decorator, or load the model with the `dtype` argument. Example: `model = AutoModel.from_pretrained("openai/whisper-tiny", attn_implementation="flash_attention_2", dtype=torch.float16)`
[36m(WorkerDict pid=36106)[0m Flash Attention 2 only supports torch.float16 and torch.bfloat16 dtypes, but the current dype in Qwen2_5_VLTextModel is torch.float32. You should run training or inference using Automatic Mixed-Precision via the `with torch.autocast(device_type='torch_device'):` decorator, or load the model with the `dtype` argument. Example: `model = AutoModel.from_pretrained("openai/whisper-tiny", attn_implementation="flash_attention_2", dtype=torch.float16)`
[36m(WorkerDict pid=36106)[0m Loading checkpoint shards:   0%|          | 0/2 [00:00<?, ?it/s]
[36m(WorkerDict pid=36106)[0m Loading checkpoint shards:  50%|█████     | 1/2 [00:02<00:02,  2.53s/it]
[36m(WorkerDict pid=36106)[0m Loading checkpoint shards: 100%|██████████| 2/2 [00:04<00:00,  2.27s/it]Loading checkpoint shards: 100%|██████████| 2/2 [00:04<00:00,  2.31s/it]
[36m(WorkerDict pid=36106)[0m Monkey patch state_dict in AutoModelForCausalLMWithValueHead.
[36m(WorkerDict pid=36106)[0m Monkey patch Qwen2_5_VLForConditionalGeneration model forward
[36m(WorkerDict pid=36106)[0m Monkey patch Qwen2_5_VLForConditionalGeneration attention layer
[36m(WorkerDict pid=36106)[0m Monkey patch _flash_attention_forward in transformers.integrations.flash_attention
[36m(WorkerDict pid=36106)[0m Skipping monkey patch for Qwen2_5_VLForConditionalGeneration as use_fused_kernels is False or fused_kernels_backend is torch
[36m(WorkerDict pid=36106)[0m Applying LoRA to actor module
[36m(WorkerDict pid=36106)[0m PeftModelForCausalLM contains 3.77B parameters
[36m(WorkerDict pid=36106)[0m wrap_policy: functools.partial(<function _or_policy at 0x7f54e53d44a0>, policies=[functools.partial(<function lambda_auto_wrap_policy at 0x7f54e55abe20>, lambda_fn=<function get_fsdp_wrap_policy.<locals>.lambda_policy_fn at 0x7f51f40b02c0>), functools.partial(<function transformer_auto_wrap_policy at 0x7f54e53d4360>, transformer_layer_cls={<class 'transformers.models.qwen2_5_vl.modeling_qwen2_5_vl.Qwen2_5_VLVisionBlock'>, <class 'transformers.models.qwen2_5_vl.modeling_qwen2_5_vl.Qwen2_5_VLDecoderLayer'>})])
[36m(WorkerDict pid=36106)[0m NCCL version 2.27.5+cuda12.9
[36m(WorkerDict pid=36106)[0m /usr/local/lib/python3.12/dist-packages/torch/distributed/fsdp/fully_sharded_data_parallel.py:479: UserWarning: FSDP is switching to use `NO_SHARD` instead of ShardingStrategy.FULL_SHARD since the world size is 1.
[36m(WorkerDict pid=36106)[0m   _init_core_state(
[36m(WorkerDict pid=36106)[0m Total steps: 10, num_warmup_steps: 0
[36m(WorkerDict pid=36106)[0m Actor use_remove_padding=True
[36m(WorkerDict pid=36106)[0m Actor use_fused_kernels=False
[36m(WorkerDict pid=36106)[0m Actor use_prefix_grouper=False
[36m(WorkerDict pid=36106)[0m /workspace/verl/utils/profiler/config.py:52: UserWarning: Torch profiler tool config is not fully supported now.
[36m(WorkerDict pid=36106)[0m   warnings.warn("Torch profiler tool config is not fully supported now.", stacklevel=1)
[36m(WorkerDict pid=36106)[0m WARNING:2026-07-21 05:40:54,636:Setting the sleep level to 1 may cause a memory overflow.
[36m(WorkerDict pid=36106)[0m /workspace/verl/workers/fsdp_workers.py:660: FutureWarning: FSDP.state_dict_type() and FSDP.set_state_dict_type() are being deprecated. Please use APIs, get_state_dict() and set_state_dict(), which can support different parallelisms, FSDP1, FSDP2, DDP. API doc: https://pytorch.org/docs/stable/distributed.checkpoint.html#torch.distributed.checkpoint.state_dict.get_state_dict .Tutorial: https://pytorch.org/tutorials/recipes/distributed_checkpoint_recipe.html .
[36m(WorkerDict pid=36106)[0m   FSDP.set_state_dict_type(
[36m(TaskRunner pid=35901)[0m /workspace/verl/utils/profiler/config.py:52: UserWarning: Torch profiler tool config is not fully supported now.
[36m(TaskRunner pid=35901)[0m   warnings.warn("Torch profiler tool config is not fully supported now.", stacklevel=1)
[36m(pid=36363)[0m W0721 05:41:00.591000 36363 torch/utils/cpp_extension.py:118] No CUDA runtime is found, using CUDA_HOME='/usr/local/cuda'
[36m(vLLMHttpServer pid=36363)[0m The image processor of type `Qwen2VLImageProcessor` is now loaded as a fast processor by default, even if the model checkpoint was saved with a slow processor. This is a breaking change and may produce slightly different outputs. To continue using the slow processor, instantiate this class with `use_fast=False`. Note that this behavior will be extended to all models in a future release.
[36m(vLLMHttpServer pid=36363)[0m ['serve',
[36m(vLLMHttpServer pid=36363)[0m  '/workspace/models/Qwen2.5-VL-3B-Instruct',
[36m(vLLMHttpServer pid=36363)[0m  '--dtype',
[36m(vLLMHttpServer pid=36363)[0m  'bfloat16',
[36m(vLLMHttpServer pid=36363)[0m  '--load_format',
[36m(vLLMHttpServer pid=36363)[0m  'safetensors',
[36m(vLLMHttpServer pid=36363)[0m  '--trust_remote_code',
[36m(vLLMHttpServer pid=36363)[0m  '--max_model_len',
[36m(vLLMHttpServer pid=36363)[0m  '3072',
[36m(vLLMHttpServer pid=36363)[0m  '--max_num_seqs',
[36m(vLLMHttpServer pid=36363)[0m  '4',
[36m(vLLMHttpServer pid=36363)[0m  '--max_num_batched_tokens',
[36m(vLLMHttpServer pid=36363)[0m  '3072',
[36m(vLLMHttpServer pid=36363)[0m  '--enable_sleep_mode',
[36m(vLLMHttpServer pid=36363)[0m  '--logprobs_mode',
[36m(vLLMHttpServer pid=36363)[0m  'processed_logprobs',
[36m(vLLMHttpServer pid=36363)[0m  '--disable_custom_all_reduce',
[36m(vLLMHttpServer pid=36363)[0m  '--enforce_eager',
[36m(vLLMHttpServer pid=36363)[0m  '--gpu_memory_utilization',
[36m(vLLMHttpServer pid=36363)[0m  '0.35',
[36m(vLLMHttpServer pid=36363)[0m  '--disable_log_stats',
[36m(vLLMHttpServer pid=36363)[0m  '--tensor_parallel_size',
[36m(vLLMHttpServer pid=36363)[0m  '1',
[36m(vLLMHttpServer pid=36363)[0m  '--seed',
[36m(vLLMHttpServer pid=36363)[0m  '0',
[36m(vLLMHttpServer pid=36363)[0m  '--override_generation_config',
[36m(vLLMHttpServer pid=36363)[0m  '{"temperature": 1.0, "top_k": -1, "top_p": 1, "repetition_penalty": 1.0, '
[36m(vLLMHttpServer pid=36363)[0m  '"max_new_tokens": 1024}',
[36m(vLLMHttpServer pid=36363)[0m  '--hf_overrides',
[36m(vLLMHttpServer pid=36363)[0m  '{"architectures": '
[36m(vLLMHttpServer pid=36363)[0m  '["VerlLayerwiseFlexPrunedQwen2_5VLForConditionalGeneration"], "text_config": '
[36m(vLLMHttpServer pid=36363)[0m  '{"num_experts_per_tok": 256}, "vision_token_pruning": {"keep_ratio": 0.1, '
[36m(vLLMHttpServer pid=36363)[0m  '"selector": "vision_pulse", "selector_kwargs": {"budget_mode": "top_p", '
[36m(vLLMHttpServer pid=36363)[0m  '"temperature": 1.0, "capture_capacity": 256, "top_p": 0.8, "min_keep_ratio": '
[36m(vLLMHttpServer pid=36363)[0m  '0.05, "max_keep_ratio": 0.5}, "prune_after_layer": 0, "layerwise_backend": '
[36m(vLLMHttpServer pid=36363)[0m  '"flex", "pre_pruning_backend": "flash", "selector_input": "decode_query"}}',
[36m(vLLMHttpServer pid=36363)[0m  '--scheduling_policy',
[36m(vLLMHttpServer pid=36363)[0m  'fcfs',
[36m(vLLMHttpServer pid=36363)[0m  '--kv_cache_memory_bytes',
[36m(vLLMHttpServer pid=36363)[0m  '134217728',
[36m(vLLMHttpServer pid=36363)[0m  '--enable_lora',
[36m(vLLMHttpServer pid=36363)[0m  '--max_loras',
[36m(vLLMHttpServer pid=36363)[0m  '1',
[36m(vLLMHttpServer pid=36363)[0m  '--max_lora_rank',
[36m(vLLMHttpServer pid=36363)[0m  '8',
[36m(vLLMHttpServer pid=36363)[0m  '--video_pruning_rate',
[36m(vLLMHttpServer pid=36363)[0m  '0.9',
[36m(vLLMHttpServer pid=36363)[0m  '--limit_mm_per_prompt',
[36m(vLLMHttpServer pid=36363)[0m  '{"image": 1, "video": 0}',
[36m(vLLMHttpServer pid=36363)[0m  '--enable_return_routed_experts',
[36m(vLLMHttpServer pid=36363)[0m  '--attention_config',
[36m(vLLMHttpServer pid=36363)[0m  '{"backend": "FLEX_ATTENTION"}']
[36m(vLLMHttpServer pid=36363)[0m Using blocking ray.get inside async actor. This blocks the event loop. Please use `await` on object ref with asyncio.gather if you want to yield execution to the event loop instead.
[36m(vLLMHttpServer pid=36363)[0m WARNING 07-21 05:41:12 [vllm.py:743] Async scheduling will be disabled because it is not supported with the `<class 'verl.workers.rollout.vllm_rollout.vllm_async_server.ExternalZeroMQDistributedExecutor'>` distributed executor backend (only `mp`, `uni`, and `external_launcher` are supported).
[36m(vLLMHttpServer pid=36363)[0m WARNING 07-21 05:41:12 [vllm.py:788] Enforce eager set, disabling torch.compile and CUDAGraphs. This is equivalent to setting -cc.mode=none -cc.cudagraph_mode=none
[36m(vLLMHttpServer pid=36363)[0m WARNING 07-21 05:41:12 [vllm.py:799] Inductor compilation was disabled by user settings, optimizations settings that are only active during inductor compilation will be ignored.
[36m(vLLMHttpServer pid=36363)[0m W0721 05:41:19.350000 36515 torch/utils/cpp_extension.py:118] No CUDA runtime is found, using CUDA_HOME='/usr/local/cuda'
[36m(WorkerDict pid=36106)[0m WARNING 07-21 05:41:24 [worker_base.py:287] Missing `shared_worker_lock` argument from executor. This argument is needed for mm_processor_cache_type='shm'.
[36m(WorkerDict pid=36106)[0m <frozen importlib._bootstrap_external>:1297: FutureWarning: The cuda.cudart module is deprecated and will be removed in a future release, please switch to use the cuda.bindings.runtime module instead.
[36m(WorkerDict pid=36106)[0m <frozen importlib._bootstrap_external>:1297: FutureWarning: The cuda.nvrtc module is deprecated and will be removed in a future release, please switch to use the cuda.bindings.nvrtc module instead.
[36m(WorkerDict pid=36106)[0m WARNING 07-21 05:41:28 [vllm.py:788] Enforce eager set, disabling torch.compile and CUDAGraphs. This is equivalent to setting -cc.mode=none -cc.cudagraph_mode=none
[36m(WorkerDict pid=36106)[0m WARNING 07-21 05:41:28 [vllm.py:799] Inductor compilation was disabled by user settings, optimizations settings that are only active during inductor compilation will be ignored.
[36m(WorkerDict pid=36106)[0m Loading safetensors checkpoint shards:   0% Completed | 0/2 [00:00<?, ?it/s]
[36m(WorkerDict pid=36106)[0m Loading safetensors checkpoint shards:  50% Completed | 1/2 [00:00<00:00,  2.14it/s]
[36m(WorkerDict pid=36106)[0m WARNING 07-21 05:41:29 [model_manager.py:335] Regarding VerlLayerwiseFlexPrunedQwen2_5VLForConditionalGeneration, vLLM currently only supports adding LoRA to language model, visual.patch_embed.proj will be ignored.
[36m(WorkerDict pid=36106)[0m WARNING 07-21 05:41:29 [model_manager.py:335] Regarding VerlLayerwiseFlexPrunedQwen2_5VLForConditionalGeneration, vLLM currently only supports adding LoRA to language model, visual.blocks.0 will be ignored.
[36m(WorkerDict pid=36106)[0m WARNING 07-21 05:41:29 [model_manager.py:335] Regarding VerlLayerwiseFlexPrunedQwen2_5VLForConditionalGeneration, vLLM currently only supports adding LoRA to language model, visual.blocks.0.attn.qkv will be ignored.
[36m(WorkerDict pid=36106)[0m WARNING 07-21 05:41:29 [model_manager.py:335] Regarding VerlLayerwiseFlexPrunedQwen2_5VLForConditionalGeneration, vLLM currently only supports adding LoRA to language model, visual.blocks.0.attn.proj will be ignored.
[36m(WorkerDict pid=36106)[0m WARNING 07-21 05:41:29 [model_manager.py:335] Regarding VerlLayerwiseFlexPrunedQwen2_5VLForConditionalGeneration, vLLM currently only supports adding LoRA to language model, visual.blocks.0.mlp.gate_up_proj will be ignored.
[36m(WorkerDict pid=36106)[0m WARNING 07-21 05:41:29 [model_manager.py:335] Regarding VerlLayerwiseFlexPrunedQwen2_5VLForConditionalGeneration, vLLM currently only supports adding LoRA to language model, visual.blocks.0.mlp.down_proj will be ignored.
[36m(WorkerDict pid=36106)[0m WARNING 07-21 05:41:29 [model_manager.py:335] Regarding VerlLayerwiseFlexPrunedQwen2_5VLForConditionalGeneration, vLLM currently only supports adding LoRA to language model, visual.blocks.1.attn.qkv will be ignored.
[36m(WorkerDict pid=36106)[0m WARNING 07-21 05:41:29 [model_manager.py:335] Regarding VerlLayerwiseFlexPrunedQwen2_5VLForConditionalGeneration, vLLM currently only supports adding LoRA to language model, visual.blocks.1.attn.proj will be ignored.
[36m(WorkerDict pid=36106)[0m WARNING 07-21 05:41:29 [model_manager.py:335] Regarding VerlLayerwiseFlexPrunedQwen2_5VLForConditionalGeneration, vLLM currently only supports adding LoRA to language model, visual.blocks.1.mlp.gate_up_proj will be ignored.
[36m(WorkerDict pid=36106)[0m WARNING 07-21 05:41:29 [model_manager.py:335] Regarding VerlLayerwiseFlexPrunedQwen2_5VLForConditionalGeneration, vLLM currently only supports adding LoRA to language model, visual.blocks.1.mlp.down_proj will be ignored.
[36m(WorkerDict pid=36106)[0m WARNING 07-21 05:41:29 [model_manager.py:335] Regarding VerlLayerwiseFlexPrunedQwen2_5VLForConditionalGeneration, vLLM currently only supports adding LoRA to language model, visual.blocks.2 will be ignored.
[36m(WorkerDict pid=36106)[0m WARNING 07-21 05:41:29 [model_manager.py:335] Regarding VerlLayerwiseFlexPrunedQwen2_5VLForConditionalGeneration, vLLM currently only supports adding LoRA to language model, visual.blocks.2.attn.qkv will be ignored.
[36m(WorkerDict pid=36106)[0m WARNING 07-21 05:41:29 [model_manager.py:335] Regarding VerlLayerwiseFlexPrunedQwen2_5VLForConditionalGeneration, vLLM currently only supports adding LoRA to language model, visual.blocks.2.attn.proj will be ignored.
[36m(WorkerDict pid=36106)[0m WARNING 07-21 05:41:29 [model_manager.py:335] Regarding VerlLayerwiseFlexPrunedQwen2_5VLForConditionalGeneration, vLLM currently only supports adding LoRA to language model, visual.blocks.2.mlp.gate_up_proj will be ignored.
[36m(WorkerDict pid=36106)[0m WARNING 07-21 05:41:29 [model_manager.py:335] Regarding VerlLayerwiseFlexPrunedQwen2_5VLForConditionalGeneration, vLLM currently only supports adding LoRA to language model, visual.blocks.2.mlp.down_proj will be ignored.
[36m(WorkerDict pid=36106)[0m WARNING 07-21 05:41:29 [model_manager.py:335] Regarding VerlLayerwiseFlexPrunedQwen2_5VLForConditionalGeneration, vLLM currently only supports adding LoRA to language model, visual.blocks.3.attn.qkv will be ignored.
[36m(WorkerDict pid=36106)[0m WARNING 07-21 05:41:29 [model_manager.py:335] Regarding VerlLayerwiseFlexPrunedQwen2_5VLForConditionalGeneration, vLLM currently only supports adding LoRA to language model, visual.blocks.3.attn.proj will be ignored.
[36m(WorkerDict pid=36106)[0m WARNING 07-21 05:41:29 [model_manager.py:335] Regarding VerlLayerwiseFlexPrunedQwen2_5VLForConditionalGeneration, vLLM currently only supports adding LoRA to language model, visual.blocks.3.mlp.gate_up_proj will be ignored.
[36m(WorkerDict pid=36106)[0m WARNING 07-21 05:41:29 [model_manager.py:335] Regarding VerlLayerwiseFlexPrunedQwen2_5VLForConditionalGeneration, vLLM currently only supports adding LoRA to language model, visual.blocks.3.mlp.down_proj will be ignored.
[36m(WorkerDict pid=36106)[0m WARNING 07-21 05:41:29 [model_manager.py:335] Regarding VerlLayerwiseFlexPrunedQwen2_5VLForConditionalGeneration, vLLM currently only supports adding LoRA to language model, visual.blocks.4.attn.qkv will be ignored.
[36m(WorkerDict pid=36106)[0m WARNING 07-21 05:41:29 [model_manager.py:335] Regarding VerlLayerwiseFlexPrunedQwen2_5VLForConditionalGeneration, vLLM currently only supports adding LoRA to language model, visual.blocks.4.attn.proj will be ignored.
[36m(WorkerDict pid=36106)[0m WARNING 07-21 05:41:29 [model_manager.py:335] Regarding VerlLayerwiseFlexPrunedQwen2_5VLForConditionalGeneration, vLLM currently only supports adding LoRA to language model, visual.blocks.4.mlp.gate_up_proj will be ignored.
[36m(WorkerDict pid=36106)[0m WARNING 07-21 05:41:29 [model_manager.py:335] Regarding VerlLayerwiseFlexPrunedQwen2_5VLForConditionalGeneration, vLLM currently only supports adding LoRA to language model, visual.blocks.4.mlp.down_proj will be ignored.
[36m(WorkerDict pid=36106)[0m WARNING 07-21 05:41:29 [model_manager.py:335] Regarding VerlLayerwiseFlexPrunedQwen2_5VLForConditionalGeneration, vLLM currently only supports adding LoRA to language model, visual.blocks.5.attn.qkv will be ignored.
[36m(WorkerDict pid=36106)[0m WARNING 07-21 05:41:29 [model_manager.py:335] Regarding VerlLayerwiseFlexPrunedQwen2_5VLForConditionalGeneration, vLLM currently only supports adding LoRA to language model, visual.blocks.5.attn.proj will be ignored.
[36m(WorkerDict pid=36106)[0m WARNING 07-21 05:41:29 [model_manager.py:335] Regarding VerlLayerwiseFlexPrunedQwen2_5VLForConditionalGeneration, vLLM currently only supports adding LoRA to language model, visual.blocks.5.mlp.gate_up_proj will be ignored.
[36m(WorkerDict pid=36106)[0m WARNING 07-21 05:41:29 [model_manager.py:335] Regarding VerlLayerwiseFlexPrunedQwen2_5VLForConditionalGeneration, vLLM currently only supports adding LoRA to language model, visual.blocks.5.mlp.down_proj will be ignored.
[36m(WorkerDict pid=36106)[0m WARNING 07-21 05:41:29 [model_manager.py:335] Regarding VerlLayerwiseFlexPrunedQwen2_5VLForConditionalGeneration, vLLM currently only supports adding LoRA to language model, visual.blocks.6.attn.qkv will be ignored.
[36m(WorkerDict pid=36106)[0m WARNING 07-21 05:41:29 [model_manager.py:335] Regarding VerlLayerwiseFlexPrunedQwen2_5VLForConditionalGeneration, vLLM currently only supports adding LoRA to language model, visual.blocks.6.attn.proj will be ignored.
[36m(WorkerDict pid=36106)[0m WARNING 07-21 05:41:29 [model_manager.py:335] Regarding VerlLayerwiseFlexPrunedQwen2_5VLForConditionalGeneration, vLLM currently only supports adding LoRA to language model, visual.blocks.6.mlp.gate_up_proj will be ignored.
[36m(WorkerDict pid=36106)[0m WARNING 07-21 05:41:29 [model_manager.py:335] Regarding VerlLayerwiseFlexPrunedQwen2_5VLForConditionalGeneration, vLLM currently only supports adding LoRA to language model, visual.blocks.6.mlp.down_proj will be ignored.
[36m(WorkerDict pid=36106)[0m WARNING 07-21 05:41:29 [model_manager.py:335] Regarding VerlLayerwiseFlexPrunedQwen2_5VLForConditionalGeneration, vLLM currently only supports adding LoRA to language model, visual.blocks.7.attn.qkv will be ignored.
[36m(WorkerDict pid=36106)[0m WARNING 07-21 05:41:29 [model_manager.py:335] Regarding VerlLayerwiseFlexPrunedQwen2_5VLForConditionalGeneration, vLLM currently only supports adding LoRA to language model, visual.blocks.7.attn.proj will be ignored.
[36m(WorkerDict pid=36106)[0m WARNING 07-21 05:41:29 [model_manager.py:335] Regarding VerlLayerwiseFlexPrunedQwen2_5VLForConditionalGeneration, vLLM currently only supports adding LoRA to language model, visual.blocks.7.mlp.gate_up_proj will be ignored.
[36m(WorkerDict pid=36106)[0m WARNING 07-21 05:41:29 [model_manager.py:335] Regarding VerlLayerwiseFlexPrunedQwen2_5VLForConditionalGeneration, vLLM currently only supports adding LoRA to language model, visual.blocks.7.mlp.down_proj will be ignored.
[36m(WorkerDict pid=36106)[0m WARNING 07-21 05:41:29 [model_manager.py:335] Regarding VerlLayerwiseFlexPrunedQwen2_5VLForConditionalGeneration, vLLM currently only supports adding LoRA to language model, visual.blocks.8.attn.qkv will be ignored.
[36m(WorkerDict pid=36106)[0m WARNING 07-21 05:41:29 [model_manager.py:335] Regarding VerlLayerwiseFlexPrunedQwen2_5VLForConditionalGeneration, vLLM currently only supports adding LoRA to language model, visual.blocks.8.attn.proj will be ignored.
[36m(WorkerDict pid=36106)[0m WARNING 07-21 05:41:29 [model_manager.py:335] Regarding VerlLayerwiseFlexPrunedQwen2_5VLForConditionalGeneration, vLLM currently only supports adding LoRA to language model, visual.blocks.8.mlp.gate_up_proj will be ignored.
[36m(WorkerDict pid=36106)[0m WARNING 07-21 05:41:29 [model_manager.py:335] Regarding VerlLayerwiseFlexPrunedQwen2_5VLForConditionalGeneration, vLLM currently only supports adding LoRA to language model, visual.blocks.8.mlp.down_proj will be ignored.
[36m(WorkerDict pid=36106)[0m WARNING 07-21 05:41:29 [model_manager.py:335] Regarding VerlLayerwiseFlexPrunedQwen2_5VLForConditionalGeneration, vLLM currently only supports adding LoRA to language model, visual.blocks.9.attn.qkv will be ignored.
[36m(WorkerDict pid=36106)[0m WARNING 07-21 05:41:29 [model_manager.py:335] Regarding VerlLayerwiseFlexPrunedQwen2_5VLForConditionalGeneration, vLLM currently only supports adding LoRA to language model, visual.blocks.9.attn.proj will be ignored.
[36m(WorkerDict pid=36106)[0m WARNING 07-21 05:41:29 [model_manager.py:335] Regarding VerlLayerwiseFlexPrunedQwen2_5VLForConditionalGeneration, vLLM currently only supports adding LoRA to language model, visual.blocks.9.mlp.gate_up_proj will be ignored.
[36m(WorkerDict pid=36106)[0m WARNING 07-21 05:41:29 [model_manager.py:335] Regarding VerlLayerwiseFlexPrunedQwen2_5VLForConditionalGeneration, vLLM currently only supports adding LoRA to language model, visual.blocks.9.mlp.down_proj will be ignored.
[36m(WorkerDict pid=36106)[0m WARNING 07-21 05:41:29 [model_manager.py:335] Regarding VerlLayerwiseFlexPrunedQwen2_5VLForConditionalGeneration, vLLM currently only supports adding LoRA to language model, visual.blocks.10.attn.qkv will be ignored.
[36m(WorkerDict pid=36106)[0m WARNING 07-21 05:41:29 [model_manager.py:335] Regarding VerlLayerwiseFlexPrunedQwen2_5VLForConditionalGeneration, vLLM currently only supports adding LoRA to language model, visual.blocks.10.attn.proj will be ignored.
[36m(WorkerDict pid=36106)[0m WARNING 07-21 05:41:29 [model_manager.py:335] Regarding VerlLayerwiseFlexPrunedQwen2_5VLForConditionalGeneration, vLLM currently only supports adding LoRA to language model, visual.blocks.10.mlp.gate_up_proj will be ignored.
[36m(WorkerDict pid=36106)[0m WARNING 07-21 05:41:29 [model_manager.py:335] Regarding VerlLayerwiseFlexPrunedQwen2_5VLForConditionalGeneration, vLLM currently only supports adding LoRA to language model, visual.blocks.10.mlp.down_proj will be ignored.
[36m(WorkerDict pid=36106)[0m WARNING 07-21 05:41:29 [model_manager.py:335] Regarding VerlLayerwiseFlexPrunedQwen2_5VLForConditionalGeneration, vLLM currently only supports adding LoRA to language model, visual.blocks.11.attn.qkv will be ignored.
[36m(WorkerDict pid=36106)[0m WARNING 07-21 05:41:29 [model_manager.py:335] Regarding VerlLayerwiseFlexPrunedQwen2_5VLForConditionalGeneration, vLLM currently only supports adding LoRA to language model, visual.blocks.11.attn.proj will be ignored.
[36m(WorkerDict pid=36106)[0m WARNING 07-21 05:41:29 [model_manager.py:335] Regarding VerlLayerwiseFlexPrunedQwen2_5VLForConditionalGeneration, vLLM currently only supports adding LoRA to language model, visual.blocks.11.mlp.gate_up_proj will be ignored.
[36m(WorkerDict pid=36106)[0m WARNING 07-21 05:41:29 [model_manager.py:335] Regarding VerlLayerwiseFlexPrunedQwen2_5VLForConditionalGeneration, vLLM currently only supports adding LoRA to language model, visual.blocks.11.mlp.down_proj will be ignored.
[36m(WorkerDict pid=36106)[0m WARNING 07-21 05:41:29 [model_manager.py:335] Regarding VerlLayerwiseFlexPrunedQwen2_5VLForConditionalGeneration, vLLM currently only supports adding LoRA to language model, visual.blocks.12.attn.qkv will be ignored.
[36m(WorkerDict pid=36106)[0m WARNING 07-21 05:41:29 [model_manager.py:335] Regarding VerlLayerwiseFlexPrunedQwen2_5VLForConditionalGeneration, vLLM currently only supports adding LoRA to language model, visual.blocks.12.attn.proj will be ignored.
[36m(WorkerDict pid=36106)[0m WARNING 07-21 05:41:29 [model_manager.py:335] Regarding VerlLayerwiseFlexPrunedQwen2_5VLForConditionalGeneration, vLLM currently only supports adding LoRA to language model, visual.blocks.12.mlp.gate_up_proj will be ignored.
[36m(WorkerDict pid=36106)[0m WARNING 07-21 05:41:29 [model_manager.py:335] Regarding VerlLayerwiseFlexPrunedQwen2_5VLForConditionalGeneration, vLLM currently only supports adding LoRA to language model, visual.blocks.12.mlp.down_proj will be ignored.
[36m(WorkerDict pid=36106)[0m WARNING 07-21 05:41:29 [model_manager.py:335] Regarding VerlLayerwiseFlexPrunedQwen2_5VLForConditionalGeneration, vLLM currently only supports adding LoRA to language model, visual.blocks.13.attn.qkv will be ignored.
[36m(WorkerDict pid=36106)[0m WARNING 07-21 05:41:29 [model_manager.py:335] Regarding VerlLayerwiseFlexPrunedQwen2_5VLForConditionalGeneration, vLLM currently only supports adding LoRA to language model, visual.blocks.13.attn.proj will be ignored.
[36m(WorkerDict pid=36106)[0m WARNING 07-21 05:41:29 [model_manager.py:335] Regarding VerlLayerwiseFlexPrunedQwen2_5VLForConditionalGeneration, vLLM currently only supports adding LoRA to language model, visual.blocks.13.mlp.gate_up_proj will be ignored.
[36m(WorkerDict pid=36106)[0m WARNING 07-21 05:41:29 [model_manager.py:335] Regarding VerlLayerwiseFlexPrunedQwen2_5VLForConditionalGeneration, vLLM currently only supports adding LoRA to language model, visual.blocks.13.mlp.down_proj will be ignored.
[36m(WorkerDict pid=36106)[0m WARNING 07-21 05:41:29 [model_manager.py:335] Regarding VerlLayerwiseFlexPrunedQwen2_5VLForConditionalGeneration, vLLM currently only supports adding LoRA to language model, visual.blocks.14.attn.qkv will be ignored.
[36m(WorkerDict pid=36106)[0m WARNING 07-21 05:41:29 [model_manager.py:335] Regarding VerlLayerwiseFlexPrunedQwen2_5VLForConditionalGeneration, vLLM currently only supports adding LoRA to language model, visual.blocks.14.attn.proj will be ignored.
[36m(WorkerDict pid=36106)[0m WARNING 07-21 05:41:29 [model_manager.py:335] Regarding VerlLayerwiseFlexPrunedQwen2_5VLForConditionalGeneration, vLLM currently only supports adding LoRA to language model, visual.blocks.14.mlp.gate_up_proj will be ignored.
[36m(WorkerDict pid=36106)[0m WARNING 07-21 05:41:29 [model_manager.py:335] Regarding VerlLayerwiseFlexPrunedQwen2_5VLForConditionalGeneration, vLLM currently only supports adding LoRA to language model, visual.blocks.14.mlp.down_proj will be ignored.
[36m(WorkerDict pid=36106)[0m WARNING 07-21 05:41:29 [model_manager.py:335] Regarding VerlLayerwiseFlexPrunedQwen2_5VLForConditionalGeneration, vLLM currently only supports adding LoRA to language model, visual.blocks.15.attn.qkv will be ignored.
[36m(WorkerDict pid=36106)[0m WARNING 07-21 05:41:29 [model_manager.py:335] Regarding VerlLayerwiseFlexPrunedQwen2_5VLForConditionalGeneration, vLLM currently only supports adding LoRA to language model, visual.blocks.15.attn.proj will be ignored.
[36m(WorkerDict pid=36106)[0m WARNING 07-21 05:41:29 [model_manager.py:335] Regarding VerlLayerwiseFlexPrunedQwen2_5VLForConditionalGeneration, vLLM currently only supports adding LoRA to language model, visual.blocks.15.mlp.gate_up_proj will be ignored.
[36m(WorkerDict pid=36106)[0m WARNING 07-21 05:41:29 [model_manager.py:335] Regarding VerlLayerwiseFlexPrunedQwen2_5VLForConditionalGeneration, vLLM currently only supports adding LoRA to language model, visual.blocks.15.mlp.down_proj will be ignored.
[36m(WorkerDict pid=36106)[0m WARNING 07-21 05:41:29 [model_manager.py:335] Regarding VerlLayerwiseFlexPrunedQwen2_5VLForConditionalGeneration, vLLM currently only supports adding LoRA to language model, visual.blocks.16.attn.qkv will be ignored.
[36m(WorkerDict pid=36106)[0m WARNING 07-21 05:41:29 [model_manager.py:335] Regarding VerlLayerwiseFlexPrunedQwen2_5VLForConditionalGeneration, vLLM currently only supports adding LoRA to language model, visual.blocks.16.attn.proj will be ignored.
[36m(WorkerDict pid=36106)[0m WARNING 07-21 05:41:29 [model_manager.py:335] Regarding VerlLayerwiseFlexPrunedQwen2_5VLForConditionalGeneration, vLLM currently only supports adding LoRA to language model, visual.blocks.16.mlp.gate_up_proj will be ignored.
[36m(WorkerDict pid=36106)[0m WARNING 07-21 05:41:29 [model_manager.py:335] Regarding VerlLayerwiseFlexPrunedQwen2_5VLForConditionalGeneration, vLLM currently only supports adding LoRA to language model, visual.blocks.16.mlp.down_proj will be ignored.
[36m(WorkerDict pid=36106)[0m WARNING 07-21 05:41:29 [model_manager.py:335] Regarding VerlLayerwiseFlexPrunedQwen2_5VLForConditionalGeneration, vLLM currently only supports adding LoRA to language model, visual.blocks.17.attn.qkv will be ignored.
[36m(WorkerDict pid=36106)[0m WARNING 07-21 05:41:29 [model_manager.py:335] Regarding VerlLayerwiseFlexPrunedQwen2_5VLForConditionalGeneration, vLLM currently only supports adding LoRA to language model, visual.blocks.17.attn.proj will be ignored.
[36m(WorkerDict pid=36106)[0m WARNING 07-21 05:41:29 [model_manager.py:335] Regarding VerlLayerwiseFlexPrunedQwen2_5VLForConditionalGeneration, vLLM currently only supports adding LoRA to language model, visual.blocks.17.mlp.gate_up_proj will be ignored.
[36m(WorkerDict pid=36106)[0m WARNING 07-21 05:41:29 [model_manager.py:335] Regarding VerlLayerwiseFlexPrunedQwen2_5VLForConditionalGeneration, vLLM currently only supports adding LoRA to language model, visual.blocks.17.mlp.down_proj will be ignored.
[36m(WorkerDict pid=36106)[0m WARNING 07-21 05:41:29 [model_manager.py:335] Regarding VerlLayerwiseFlexPrunedQwen2_5VLForConditionalGeneration, vLLM currently only supports adding LoRA to language model, visual.blocks.18.attn.qkv will be ignored.
[36m(WorkerDict pid=36106)[0m WARNING 07-21 05:41:29 [model_manager.py:335] Regarding VerlLayerwiseFlexPrunedQwen2_5VLForConditionalGeneration, vLLM currently only supports adding LoRA to language model, visual.blocks.18.attn.proj will be ignored.
[36m(WorkerDict pid=36106)[0m WARNING 07-21 05:41:29 [model_manager.py:335] Regarding VerlLayerwiseFlexPrunedQwen2_5VLForConditionalGeneration, vLLM currently only supports adding LoRA to language model, visual.blocks.18.mlp.gate_up_proj will be ignored.
[36m(WorkerDict pid=36106)[0m WARNING 07-21 05:41:29 [model_manager.py:335] Regarding VerlLayerwiseFlexPrunedQwen2_5VLForConditionalGeneration, vLLM currently only supports adding LoRA to language model, visual.blocks.18.mlp.down_proj will be ignored.
[36m(WorkerDict pid=36106)[0m WARNING 07-21 05:41:29 [model_manager.py:335] Regarding VerlLayerwiseFlexPrunedQwen2_5VLForConditionalGeneration, vLLM currently only supports adding LoRA to language model, visual.blocks.19.attn.qkv will be ignored.
[36m(WorkerDict pid=36106)[0m WARNING 07-21 05:41:29 [model_manager.py:335] Regarding VerlLayerwiseFlexPrunedQwen2_5VLForConditionalGeneration, vLLM currently only supports adding LoRA to language model, visual.blocks.19.attn.proj will be ignored.
[36m(WorkerDict pid=36106)[0m WARNING 07-21 05:41:29 [model_manager.py:335] Regarding VerlLayerwiseFlexPrunedQwen2_5VLForConditionalGeneration, vLLM currently only supports adding LoRA to language model, visual.blocks.19.mlp.gate_up_proj will be ignored.
[36m(WorkerDict pid=36106)[0m WARNING 07-21 05:41:29 [model_manager.py:335] Regarding VerlLayerwiseFlexPrunedQwen2_5VLForConditionalGeneration, vLLM currently only supports adding LoRA to language model, visual.blocks.19.mlp.down_proj will be ignored.
[36m(WorkerDict pid=36106)[0m WARNING 07-21 05:41:29 [model_manager.py:335] Regarding VerlLayerwiseFlexPrunedQwen2_5VLForConditionalGeneration, vLLM currently only supports adding LoRA to language model, visual.blocks.20.attn.qkv will be ignored.
[36m(WorkerDict pid=36106)[0m WARNING 07-21 05:41:29 [model_manager.py:335] Regarding VerlLayerwiseFlexPrunedQwen2_5VLForConditionalGeneration, vLLM currently only supports adding LoRA to language model, visual.blocks.20.attn.proj will be ignored.
[36m(WorkerDict pid=36106)[0m WARNING 07-21 05:41:29 [model_manager.py:335] Regarding VerlLayerwiseFlexPrunedQwen2_5VLForConditionalGeneration, vLLM currently only supports adding LoRA to language model, visual.blocks.20.mlp.gate_up_proj will be ignored.
[36m(WorkerDict pid=36106)[0m WARNING 07-21 05:41:29 [model_manager.py:335] Regarding VerlLayerwiseFlexPrunedQwen2_5VLForConditionalGeneration, vLLM currently only supports adding LoRA to language model, visual.blocks.20.mlp.down_proj will be ignored.
[36m(WorkerDict pid=36106)[0m WARNING 07-21 05:41:29 [model_manager.py:335] Regarding VerlLayerwiseFlexPrunedQwen2_5VLForConditionalGeneration, vLLM currently only supports adding LoRA to language model, visual.blocks.21.attn.qkv will be ignored.
[36m(WorkerDict pid=36106)[0m WARNING 07-21 05:41:29 [model_manager.py:335] Regarding VerlLayerwiseFlexPrunedQwen2_5VLForConditionalGeneration, vLLM currently only supports adding LoRA to language model, visual.blocks.21.attn.proj will be ignored.
[36m(WorkerDict pid=36106)[0m WARNING 07-21 05:41:29 [model_manager.py:335] Regarding VerlLayerwiseFlexPrunedQwen2_5VLForConditionalGeneration, vLLM currently only supports adding LoRA to language model, visual.blocks.21.mlp.gate_up_proj will be ignored.
[36m(WorkerDict pid=36106)[0m WARNING 07-21 05:41:29 [model_manager.py:335] Regarding VerlLayerwiseFlexPrunedQwen2_5VLForConditionalGeneration, vLLM currently only supports adding LoRA to language model, visual.blocks.21.mlp.down_proj will be ignored.
[36m(WorkerDict pid=36106)[0m WARNING 07-21 05:41:29 [model_manager.py:335] Regarding VerlLayerwiseFlexPrunedQwen2_5VLForConditionalGeneration, vLLM currently only supports adding LoRA to language model, visual.blocks.22.attn.qkv will be ignored.
[36m(WorkerDict pid=36106)[0m WARNING 07-21 05:41:29 [model_manager.py:335] Regarding VerlLayerwiseFlexPrunedQwen2_5VLForConditionalGeneration, vLLM currently only supports adding LoRA to language model, visual.blocks.22.attn.proj will be ignored.
[36m(WorkerDict pid=36106)[0m WARNING 07-21 05:41:29 [model_manager.py:335] Regarding VerlLayerwiseFlexPrunedQwen2_5VLForConditionalGeneration, vLLM currently only supports adding LoRA to language model, visual.blocks.22.mlp.gate_up_proj will be ignored.
[36m(WorkerDict pid=36106)[0m WARNING 07-21 05:41:29 [model_manager.py:335] Regarding VerlLayerwiseFlexPrunedQwen2_5VLForConditionalGeneration, vLLM currently only supports adding LoRA to language model, visual.blocks.22.mlp.down_proj will be ignored.
[36m(WorkerDict pid=36106)[0m WARNING 07-21 05:41:29 [model_manager.py:335] Regarding VerlLayerwiseFlexPrunedQwen2_5VLForConditionalGeneration, vLLM currently only supports adding LoRA to language model, visual.blocks.23.attn.qkv will be ignored.
[36m(WorkerDict pid=36106)[0m WARNING 07-21 05:41:29 [model_manager.py:335] Regarding VerlLayerwiseFlexPrunedQwen2_5VLForConditionalGeneration, vLLM currently only supports adding LoRA to language model, visual.blocks.23.attn.proj will be ignored.
[36m(WorkerDict pid=36106)[0m WARNING 07-21 05:41:29 [model_manager.py:335] Regarding VerlLayerwiseFlexPrunedQwen2_5VLForConditionalGeneration, vLLM currently only supports adding LoRA to language model, visual.blocks.23.mlp.gate_up_proj will be ignored.
[36m(WorkerDict pid=36106)[0m WARNING 07-21 05:41:29 [model_manager.py:335] Regarding VerlLayerwiseFlexPrunedQwen2_5VLForConditionalGeneration, vLLM currently only supports adding LoRA to language model, visual.blocks.23.mlp.down_proj will be ignored.
[36m(WorkerDict pid=36106)[0m WARNING 07-21 05:41:29 [model_manager.py:335] Regarding VerlLayerwiseFlexPrunedQwen2_5VLForConditionalGeneration, vLLM currently only supports adding LoRA to language model, visual.blocks.24.attn.qkv will be ignored.
[36m(WorkerDict pid=36106)[0m WARNING 07-21 05:41:29 [model_manager.py:335] Regarding VerlLayerwiseFlexPrunedQwen2_5VLForConditionalGeneration, vLLM currently only supports adding LoRA to language model, visual.blocks.24.attn.proj will be ignored.
[36m(WorkerDict pid=36106)[0m WARNING 07-21 05:41:29 [model_manager.py:335] Regarding VerlLayerwiseFlexPrunedQwen2_5VLForConditionalGeneration, vLLM currently only supports adding LoRA to language model, visual.blocks.24.mlp.gate_up_proj will be ignored.
[36m(WorkerDict pid=36106)[0m WARNING 07-21 05:41:29 [model_manager.py:335] Regarding VerlLayerwiseFlexPrunedQwen2_5VLForConditionalGeneration, vLLM currently only supports adding LoRA to language model, visual.blocks.24.mlp.down_proj will be ignored.
[36m(WorkerDict pid=36106)[0m WARNING 07-21 05:41:29 [model_manager.py:335] Regarding VerlLayerwiseFlexPrunedQwen2_5VLForConditionalGeneration, vLLM currently only supports adding LoRA to language model, visual.blocks.25.attn.qkv will be ignored.
[36m(WorkerDict pid=36106)[0m WARNING 07-21 05:41:29 [model_manager.py:335] Regarding VerlLayerwiseFlexPrunedQwen2_5VLForConditionalGeneration, vLLM currently only supports adding LoRA to language model, visual.blocks.25.attn.proj will be ignored.
[36m(WorkerDict pid=36106)[0m WARNING 07-21 05:41:29 [model_manager.py:335] Regarding VerlLayerwiseFlexPrunedQwen2_5VLForConditionalGeneration, vLLM currently only supports adding LoRA to language model, visual.blocks.25.mlp.gate_up_proj will be ignored.
[36m(WorkerDict pid=36106)[0m WARNING 07-21 05:41:29 [model_manager.py:335] Regarding VerlLayerwiseFlexPrunedQwen2_5VLForConditionalGeneration, vLLM currently only supports adding LoRA to language model, visual.blocks.25.mlp.down_proj will be ignored.
[36m(WorkerDict pid=36106)[0m WARNING 07-21 05:41:29 [model_manager.py:335] Regarding VerlLayerwiseFlexPrunedQwen2_5VLForConditionalGeneration, vLLM currently only supports adding LoRA to language model, visual.blocks.26.attn.qkv will be ignored.
[36m(WorkerDict pid=36106)[0m WARNING 07-21 05:41:29 [model_manager.py:335] Regarding VerlLayerwiseFlexPrunedQwen2_5VLForConditionalGeneration, vLLM currently only supports adding LoRA to language model, visual.blocks.26.attn.proj will be ignored.
[36m(WorkerDict pid=36106)[0m WARNING 07-21 05:41:29 [model_manager.py:335] Regarding VerlLayerwiseFlexPrunedQwen2_5VLForConditionalGeneration, vLLM currently only supports adding LoRA to language model, visual.blocks.26.mlp.gate_up_proj will be ignored.
[36m(WorkerDict pid=36106)[0m WARNING 07-21 05:41:29 [model_manager.py:335] Regarding VerlLayerwiseFlexPrunedQwen2_5VLForConditionalGeneration, vLLM currently only supports adding LoRA to language model, visual.blocks.26.mlp.down_proj will be ignored.
[36m(WorkerDict pid=36106)[0m WARNING 07-21 05:41:29 [model_manager.py:335] Regarding VerlLayerwiseFlexPrunedQwen2_5VLForConditionalGeneration, vLLM currently only supports adding LoRA to language model, visual.blocks.27.attn.qkv will be ignored.
[36m(WorkerDict pid=36106)[0m WARNING 07-21 05:41:29 [model_manager.py:335] Regarding VerlLayerwiseFlexPrunedQwen2_5VLForConditionalGeneration, vLLM currently only supports adding LoRA to language model, visual.blocks.27.attn.proj will be ignored.
[36m(WorkerDict pid=36106)[0m WARNING 07-21 05:41:29 [model_manager.py:335] Regarding VerlLayerwiseFlexPrunedQwen2_5VLForConditionalGeneration, vLLM currently only supports adding LoRA to language model, visual.blocks.27.mlp.gate_up_proj will be ignored.
[36m(WorkerDict pid=36106)[0m WARNING 07-21 05:41:29 [model_manager.py:335] Regarding VerlLayerwiseFlexPrunedQwen2_5VLForConditionalGeneration, vLLM currently only supports adding LoRA to language model, visual.blocks.27.mlp.down_proj will be ignored.
[36m(WorkerDict pid=36106)[0m WARNING 07-21 05:41:29 [model_manager.py:335] Regarding VerlLayerwiseFlexPrunedQwen2_5VLForConditionalGeneration, vLLM currently only supports adding LoRA to language model, visual.blocks.28.attn.qkv will be ignored.
[36m(WorkerDict pid=36106)[0m WARNING 07-21 05:41:29 [model_manager.py:335] Regarding VerlLayerwiseFlexPrunedQwen2_5VLForConditionalGeneration, vLLM currently only supports adding LoRA to language model, visual.blocks.28.attn.proj will be ignored.
[36m(WorkerDict pid=36106)[0m WARNING 07-21 05:41:29 [model_manager.py:335] Regarding VerlLayerwiseFlexPrunedQwen2_5VLForConditionalGeneration, vLLM currently only supports adding LoRA to language model, visual.blocks.28.mlp.gate_up_proj will be ignored.
[36m(WorkerDict pid=36106)[0m WARNING 07-21 05:41:29 [model_manager.py:335] Regarding VerlLayerwiseFlexPrunedQwen2_5VLForConditionalGeneration, vLLM currently only supports adding LoRA to language model, visual.blocks.28.mlp.down_proj will be ignored.
[36m(WorkerDict pid=36106)[0m WARNING 07-21 05:41:29 [model_manager.py:335] Regarding VerlLayerwiseFlexPrunedQwen2_5VLForConditionalGeneration, vLLM currently only supports adding LoRA to language model, visual.blocks.29.attn.qkv will be ignored.
[36m(WorkerDict pid=36106)[0m WARNING 07-21 05:41:29 [model_manager.py:335] Regarding VerlLayerwiseFlexPrunedQwen2_5VLForConditionalGeneration, vLLM currently only supports adding LoRA to language model, visual.blocks.29.attn.proj will be ignored.
[36m(WorkerDict pid=36106)[0m WARNING 07-21 05:41:29 [model_manager.py:335] Regarding VerlLayerwiseFlexPrunedQwen2_5VLForConditionalGeneration, vLLM currently only supports adding LoRA to language model, visual.blocks.29.mlp.gate_up_proj will be ignored.
[36m(WorkerDict pid=36106)[0m WARNING 07-21 05:41:29 [model_manager.py:335] Regarding VerlLayerwiseFlexPrunedQwen2_5VLForConditionalGeneration, vLLM currently only supports adding LoRA to language model, visual.blocks.29.mlp.down_proj will be ignored.
[36m(WorkerDict pid=36106)[0m WARNING 07-21 05:41:29 [model_manager.py:335] Regarding VerlLayerwiseFlexPrunedQwen2_5VLForConditionalGeneration, vLLM currently only supports adding LoRA to language model, visual.blocks.30.attn.qkv will be ignored.
[36m(WorkerDict pid=36106)[0m WARNING 07-21 05:41:29 [model_manager.py:335] Regarding VerlLayerwiseFlexPrunedQwen2_5VLForConditionalGeneration, vLLM currently only supports adding LoRA to language model, visual.blocks.30.attn.proj will be ignored.
[36m(WorkerDict pid=36106)[0m WARNING 07-21 05:41:29 [model_manager.py:335] Regarding VerlLayerwiseFlexPrunedQwen2_5VLForConditionalGeneration, vLLM currently only supports adding LoRA to language model, visual.blocks.30.mlp.gate_up_proj will be ignored.
[36m(WorkerDict pid=36106)[0m WARNING 07-21 05:41:29 [model_manager.py:335] Regarding VerlLayerwiseFlexPrunedQwen2_5VLForConditionalGeneration, vLLM currently only supports adding LoRA to language model, visual.blocks.30.mlp.down_proj will be ignored.
[36m(WorkerDict pid=36106)[0m WARNING 07-21 05:41:29 [model_manager.py:335] Regarding VerlLayerwiseFlexPrunedQwen2_5VLForConditionalGeneration, vLLM currently only supports adding LoRA to language model, visual.blocks.31.attn.qkv will be ignored.
[36m(WorkerDict pid=36106)[0m WARNING 07-21 05:41:29 [model_manager.py:335] Regarding VerlLayerwiseFlexPrunedQwen2_5VLForConditionalGeneration, vLLM currently only supports adding LoRA to language model, visual.blocks.31.attn.proj will be ignored.
[36m(WorkerDict pid=36106)[0m WARNING 07-21 05:41:29 [model_manager.py:335] Regarding VerlLayerwiseFlexPrunedQwen2_5VLForConditionalGeneration, vLLM currently only supports adding LoRA to language model, visual.blocks.31.mlp.gate_up_proj will be ignored.
[36m(WorkerDict pid=36106)[0m WARNING 07-21 05:41:29 [model_manager.py:335] Regarding VerlLayerwiseFlexPrunedQwen2_5VLForConditionalGeneration, vLLM currently only supports adding LoRA to language model, visual.blocks.31.mlp.down_proj will be ignored.
[36m(WorkerDict pid=36106)[0m WARNING 07-21 05:41:29 [model_manager.py:335] Regarding VerlLayerwiseFlexPrunedQwen2_5VLForConditionalGeneration, vLLM currently only supports adding LoRA to language model, visual.merger.mlp.0 will be ignored.
[36m(WorkerDict pid=36106)[0m WARNING 07-21 05:41:29 [model_manager.py:335] Regarding VerlLayerwiseFlexPrunedQwen2_5VLForConditionalGeneration, vLLM currently only supports adding LoRA to language model, visual.merger.mlp.2 will be ignored.
[36m(WorkerDict pid=36106)[0m Loading safetensors checkpoint shards: 100% Completed | 2/2 [00:00<00:00,  2.37it/s]
[36m(WorkerDict pid=36106)[0m Loading safetensors checkpoint shards: 100% Completed | 2/2 [00:00<00:00,  2.34it/s]
[36m(WorkerDict pid=36106)[0m
[36m(vLLMHttpServer pid=36363)[0m (EngineCore pid=36515) The image processor of type `Qwen2VLImageProcessor` is now loaded as a fast processor by default, even if the model checkpoint was saved with a slow processor. This is a breaking change and may produce slightly different outputs. To continue using the slow processor, instantiate this class with `use_fast=False`. Note that this behavior will be extended to all models in a future release.
[36m(vLLMHttpServer pid=36363)[0m (EngineCore pid=36515) WARNING 07-21 05:41:36 [vllm.py:788] Enforce eager set, disabling torch.compile and CUDAGraphs. This is equivalent to setting -cc.mode=none -cc.cudagraph_mode=none
[36m(vLLMHttpServer pid=36363)[0m (EngineCore pid=36515) WARNING 07-21 05:41:36 [vllm.py:799] Inductor compilation was disabled by user settings, optimizations settings that are only active during inductor compilation will be ignored.
[36m(vLLMHttpServer pid=36363)[0m WARNING 07-21 05:41:36 [api_router.py:30] LoRA dynamic loading & unloading is enabled in the API server. This should ONLY be used for local development!
[36m(vLLMHttpServer pid=36363)[0m WARNING 07-21 05:41:36 [model.py:1376] Default vLLM sampling parameters have been overridden by the model's `generation_config.json`: `{'repetition_penalty': 1.0, 'temperature': 1.0, 'top_k': -1, 'top_p': 1, 'max_tokens': 1024}`. If this is not intended, please relaunch vLLM instance with `--generation-config vllm`.
[36m(TaskRunner pid=35901)[0m AgentLoopManager: ['172.17.0.8:38083']
[36m(TaskRunner pid=35901)[0m wandb: [wandb.login()] Loaded credentials for https://api.wandb.ai from WANDB_API_KEY.
[36m(WorkerDict pid=36106)[0m /workspace/verl/utils/device.py:134: FutureWarning: torch.cuda._set_allocator_settings is deprecated. Use torch._C._accelerator_setAllocatorSettings instead.
[36m(WorkerDict pid=36106)[0m   torch.cuda.memory._set_allocator_settings(f"expandable_segments:{enable}")
[36m(pid=36670)[0m W0721 05:41:46.390000 36670 torch/utils/cpp_extension.py:118] No CUDA runtime is found, using CUDA_HOME='/usr/local/cuda'
[36m(TaskRunner pid=35901)[0m wandb: Currently logged in as: a1660172289 (a1660172289-11) to https://api.wandb.ai. Use `wandb login --relogin` to force relogin
[36m(TaskRunner pid=35901)[0m wandb: setting up run xxtxeu1i
[36m(TaskRunner pid=35901)[0m wandb: Tracking run with wandb version 0.25.1
[36m(TaskRunner pid=35901)[0m wandb: Run data is saved locally in /workspace/wandb/run-20260721_054146-xxtxeu1i
[36m(TaskRunner pid=35901)[0m wandb: Run `wandb offline` to turn off syncing.
[36m(TaskRunner pid=35901)[0m wandb: Syncing run Vision-OPD
[36m(TaskRunner pid=35901)[0m wandb: ⭐️ View project at https://wandb.ai/a1660172289-11/vision-opd-chartvqa
[36m(TaskRunner pid=35901)[0m wandb: 🚀 View run at https://wandb.ai/a1660172289-11/vision-opd-chartvqa/runs/xxtxeu1i
[36m(TaskRunner pid=35901)[0m Checkpoint tracker file does not exist: /workspace/outputs/chartvqa_training_cot1024_top080_10steps/checkpoints/latest_checkpointed_iteration.txt
[36m(TaskRunner pid=35901)[0m Training from scratch
[36m(TaskRunner pid=35901)[0m wandb: Detected [openai] in use.
[36m(TaskRunner pid=35901)[0m wandb: Use W&B Weave for improved LLM call tracing. Install Weave with `pip install weave` then add `import weave` to the top of your script.
[36m(TaskRunner pid=35901)[0m wandb: For more information, check out the docs at: https://weave-docs.wandb.ai/
[36m(TaskRunner pid=35901)[0m Training Progress:   0%|          | 0/10 [00:00<?, ?it/s]
[36m(WorkerDict pid=36106)[0m /usr/local/lib/python3.12/dist-packages/torch/utils/_contextlib.py:124: UserWarning: When using ``NO_SHARD`` for ``ShardingStrategy``, full_state_dict will be returned.
[36m(WorkerDict pid=36106)[0m   return func(*args, **kwargs)
[36m(AgentLoopWorker pid=36670)[0m Using dataset class: RLHFDataset
[36m(AgentLoopWorker pid=36670)[0m The image processor of type `Qwen2VLImageProcessor` is now loaded as a fast processor by default, even if the model checkpoint was saved with a slow processor. This is a breaking change and may produce slightly different outputs. To continue using the slow processor, instantiate this class with `use_fast=False`. Note that this behavior will be extended to all models in a future release.
[36m(vLLMHttpServer pid=36363)[0m WARNING 07-21 05:41:51 [input_processor.py:141] vLLM has deprecated support for supporting different tokenizers for different LoRAs. By default, vLLM uses base model's tokenizer. If you are using a LoRA with its own tokenizer, consider specifying `--tokenizer [lora_path]` to use the LoRA tokenizer.
[36m(vLLMHttpServer pid=36363)[0m WARNING 07-21 05:41:51 [input_processor.py:227] Passing raw prompts to InputProcessor is deprecated and will be removed in v0.18. You should instead pass the outputs of Renderer.render_cmpl() or Renderer.render_chat().
[36m(AgentLoopWorker pid=36670)[0m Keyword argument `video_metadatas` is not a valid argument for this processor and will be ignored.
[36m(WorkerDict pid=36106)[0m WARNING 07-21 05:41:51 [utils.py:268] Using default LoRA kernel configs
[36m(AgentLoopWorker pid=36670)[0m You're using a Qwen2TokenizerFast tokenizer. Please note that with a fast tokenizer, using the `__call__` method is faster than using a method to encode the text followed by a call to the `pad` method to get a padded encoding.
[36m(WorkerDict pid=36106)[0m /workspace/verl/utils/device.py:134: FutureWarning: torch.cuda._set_allocator_settings is deprecated. Use torch._C._accelerator_setAllocatorSettings instead.
[36m(WorkerDict pid=36106)[0m   torch.cuda.memory._set_allocator_settings(f"expandable_segments:{enable}")
[36m(TaskRunner pid=35901)[0m Dumped generations to /workspace/outputs/chartvqa_training_cot1024_top080_10steps/rollouts/1.jsonl
[36m(TaskRunner pid=35901)[0m local_global_step_folder: /workspace/outputs/chartvqa_training_cot1024_top080_10steps/checkpoints/global_step_1
[36m(WorkerDict pid=36106)[0m /usr/local/lib/python3.12/dist-packages/torch/utils/_contextlib.py:124: UserWarning: When using ``NO_SHARD`` for ``ShardingStrategy``, full_state_dict will be returned.
[36m(WorkerDict pid=36106)[0m   return func(*args, **kwargs)
[36m(TaskRunner pid=35901)[0m step:1 - self_distillation/teacher_always_on_fraction:1.0 - self_distillation/teacher_image_swap_fraction:1.0 - self_distillation/policy_fallback_fraction:0.0 - self_distillation/grpo_fallback_count:0.0 - rollout_corr/rollout_is_mean:1.0 - rollout_corr/rollout_is_ratio_fraction_high:0.0 - rollout_corr/rollout_is_ratio_fraction_low:0.0 - rollout_corr/rollout_is_max:1.0 - rollout_corr/rollout_is_min:1.0 - rollout_corr/rollout_is_std:0.0 - rollout_corr/rollout_is_eff_sample_size:1.0 - rollout_corr/rollout_is_seq_mean:1.0 - rollout_corr/rollout_is_seq_std:0.0 - rollout_corr/rollout_is_seq_max:1.0 - rollout_corr/rollout_is_seq_min:1.0 - rollout_corr/rollout_is_seq_max_deviation:0.0 - rollout_corr/rollout_is_seq_fraction_high:0.0 - rollout_corr/rollout_is_seq_fraction_low:0.0 - rollout_corr/training_ppl:2.015794515609741 - rollout_corr/training_log_ppl:0.7010133862495422 - rollout_corr/kl:0.0012681884691119194 - rollout_corr/k3_kl:0.0004153077898081392 - rollout_corr/rollout_ppl:2.013239622116089 - rollout_corr/rollout_log_ppl:0.6997451782226562 - rollout_corr/log_ppl_diff:0.0012682080268859863 - rollout_corr/log_ppl_abs_diff:0.0012682080268859863 - rollout_corr/log_ppl_diff_max:0.0012682080268859863 - rollout_corr/log_ppl_diff_min:0.0012682080268859863 - rollout_corr/ppl_ratio:1.0012691020965576 - rollout_corr/chi2_token:-0.0008371472358703613 - rollout_corr/chi2_seq:-0.05905729532241821 - actor/pg_loss:0.3636240065097809 - actor/kl_loss:0.0 - actor/grpo_loss:0.0 - actor/vopd_loss:0.3636240065097809 - actor/vopd_loss_weighted:0.3636240065097809 - actor/policy_fallback_fraction:0.0 - self_distillation/raw_jsd_token_mean:0.3636240065097809 - self_distillation/weighted_jsd_token_mean:0.3636240065097809 - self_distillation/self_distillation_mask.mean():1.0 - self_distillation/num_distill_tokens:24.0 - self_distillation/empty_target_batch:0.0 - actor/grad_norm:0.2040742039680481 - timing_s/update_actor/student_forward:0.4202036809983838 - timing_s/update_actor/teacher_forward:0.3242505920024996 - timing_s/update_actor/loss_compute:0.0021246740034257527 - timing_s/update_actor/backward:0.660082448997855 - timing_s/update_actor/optimizer_step:0.049685791000229074 - timing_s/update_actor/teacher_ema_update:2.776999826892279e-05 - perf/mfu/actor:0.03155071080067773 - perf/max_memory_allocated_gb:36.24465990066528 - perf/max_memory_reserved_gb:36.95703125 - perf/cpu_memory_used_gb:48.17555618286133 - actor/lr:1e-06 - training/global_step:1 - training/epoch:0 - response_length/mean:24.0 - response_length/max:24.0 - response_length/min:24.0 - response_length/clip_ratio:0.0 - response_length_non_aborted/mean:24.0 - response_length_non_aborted/max:24.0 - response_length_non_aborted/min:24.0 - response_length_non_aborted/clip_ratio:0.0 - response/aborted_ratio:0.0 - prompt_length/mean:312.0 - prompt_length/max:312.0 - prompt_length/min:312.0 - prompt_length/clip_ratio:0.0 - num_turns/min:2 - num_turns/max:2 - num_turns/mean:2.0 - timing_s/start_profile:3.1579998903907835e-05 - timing_s/agent_loop/generate_sequences/min:3.1280604139974457 - timing_s/agent_loop/generate_sequences/max:3.1280604139974457 - timing_s/agent_loop/generate_sequences/mean:3.1280604139974457 - timing_s/agent_loop/tool_calls/min:0.0 - timing_s/agent_loop/tool_calls/max:0.0 - timing_s/agent_loop/tool_calls/mean:0.0 - timing_s/agent_loop/slowest/generate_sequences:3.1280604139974457 - timing_s/agent_loop/slowest/tool_calls:0.0 - timing_s/agent_loop/slowest/prompt_length:312 - timing_s/agent_loop/slowest/response_length:24 - timing_s/gen:6.690487511001265 - timing_s/adv:0.01731667700005346 - timing_s/update_actor:2.264630631001637 - timing_s/dump_rollout_generations:0.0013868159985577222 - timing_s/step:8.975128784000844 - timing_s/save_checkpoint:28.217475222001667 - timing_s/stop_profile:4.12399967899546e-05 - timing_per_token_ms/update_actor:6.7399721160763 - timing_per_token_ms/gen:278.77031295838606 - timing_per_token_ms/adv:0.05153772916682577 - perf/total_num_tokens:336 - perf/time_per_step:8.975128784000844 - perf/throughput:37.436788717612274
[36m(TaskRunner pid=35901)[0m Training Progress:  10%|█         | 1/10 [00:37<05:34, 37.20s/it]
[36m(WorkerDict pid=36106)[0m /workspace/verl/utils/device.py:134: FutureWarning: torch.cuda._set_allocator_settings is deprecated. Use torch._C._accelerator_setAllocatorSettings instead.
[36m(WorkerDict pid=36106)[0m   torch.cuda.memory._set_allocator_settings(f"expandable_segments:{enable}")
[36m(TaskRunner pid=35901)[0m Dumped generations to /workspace/outputs/chartvqa_training_cot1024_top080_10steps/rollouts/2.jsonl
[36m(TaskRunner pid=35901)[0m local_global_step_folder: /workspace/outputs/chartvqa_training_cot1024_top080_10steps/checkpoints/global_step_2
[36m(WorkerDict pid=36106)[0m /usr/local/lib/python3.12/dist-packages/torch/utils/_contextlib.py:124: UserWarning: When using ``NO_SHARD`` for ``ShardingStrategy``, full_state_dict will be returned.
[36m(WorkerDict pid=36106)[0m   return func(*args, **kwargs)
[36m(TaskRunner pid=35901)[0m step:2 - self_distillation/teacher_always_on_fraction:1.0 - self_distillation/teacher_image_swap_fraction:1.0 - self_distillation/policy_fallback_fraction:0.0 - self_distillation/grpo_fallback_count:0.0 - rollout_corr/rollout_is_mean:1.0 - rollout_corr/rollout_is_ratio_fraction_high:0.0 - rollout_corr/rollout_is_ratio_fraction_low:0.0 - rollout_corr/rollout_is_max:1.0 - rollout_corr/rollout_is_min:1.0 - rollout_corr/rollout_is_std:0.0 - rollout_corr/rollout_is_eff_sample_size:1.0 - rollout_corr/rollout_is_seq_mean:1.0 - rollout_corr/rollout_is_seq_std:0.0 - rollout_corr/rollout_is_seq_max:1.0 - rollout_corr/rollout_is_seq_min:1.0 - rollout_corr/rollout_is_seq_max_deviation:0.0 - rollout_corr/rollout_is_seq_fraction_high:0.0 - rollout_corr/rollout_is_seq_fraction_low:0.0 - rollout_corr/training_ppl:6.600390434265137 - rollout_corr/training_log_ppl:1.8871288299560547 - rollout_corr/kl:-0.140863299369812 - rollout_corr/k3_kl:0.02177983522415161 - rollout_corr/rollout_ppl:7.598814487457275 - rollout_corr/rollout_log_ppl:2.0279922485351562 - rollout_corr/log_ppl_diff:-0.14086341857910156 - rollout_corr/log_ppl_abs_diff:0.14086341857910156 - rollout_corr/log_ppl_diff_max:-0.14086341857910156 - rollout_corr/log_ppl_diff_min:-0.14086341857910156 - rollout_corr/ppl_ratio:0.8686079382896423 - rollout_corr/chi2_token:0.37806177139282227 - rollout_corr/chi2_seq:0.7567284107208252 - actor/pg_loss:0.31055521965026855 - actor/kl_loss:0.0 - actor/grpo_loss:0.0 - actor/vopd_loss:0.31055521965026855 - actor/vopd_loss_weighted:0.31055521965026855 - actor/policy_fallback_fraction:0.0 - self_distillation/raw_jsd_token_mean:0.31055521965026855 - self_distillation/weighted_jsd_token_mean:0.31055521965026855 - self_distillation/self_distillation_mask.mean():1.0 - self_distillation/num_distill_tokens:2.0 - self_distillation/empty_target_batch:0.0 - actor/grad_norm:0.6189969182014465 - timing_s/update_actor/student_forward:0.3980111560013029 - timing_s/update_actor/teacher_forward:0.31429735100027756 - timing_s/update_actor/loss_compute:0.0009341250006400514 - timing_s/update_actor/backward:0.7639724139989994 - timing_s/update_actor/optimizer_step:0.023995663999812678 - timing_s/update_actor/teacher_ema_update:3.6460001865634695e-05 - perf/mfu/actor:0.028334395268554184 - perf/max_memory_allocated_gb:36.748140811920166 - perf/max_memory_reserved_gb:37.0078125 - perf/cpu_memory_used_gb:48.27691650390625 - actor/lr:1e-06 - training/global_step:2 - training/epoch:0 - response_length/mean:2.0 - response_length/max:2.0 - response_length/min:2.0 - response_length/clip_ratio:0.0 - response_length_non_aborted/mean:2.0 - response_length_non_aborted/max:2.0 - response_length_non_aborted/min:2.0 - response_length_non_aborted/clip_ratio:0.0 - response/aborted_ratio:0.0 - prompt_length/mean:310.0 - prompt_length/max:310.0 - prompt_length/min:310.0 - prompt_length/clip_ratio:0.0 - num_turns/min:2 - num_turns/max:2 - num_turns/mean:2.0 - timing_s/start_profile:2.9748996894340962e-05 - timing_s/agent_loop/generate_sequences/min:0.48043777299972135 - timing_s/agent_loop/generate_sequences/max:0.48043777299972135 - timing_s/agent_loop/generate_sequences/mean:0.48043777299972135 - timing_s/agent_loop/tool_calls/min:0.0 - timing_s/agent_loop/tool_calls/max:0.0 - timing_s/agent_loop/tool_calls/mean:0.0 - timing_s/agent_loop/slowest/generate_sequences:0.48043777299972135 - timing_s/agent_loop/slowest/tool_calls:0.0 - timing_s/agent_loop/slowest/prompt_length:310 - timing_s/agent_loop/slowest/response_length:2 - timing_s/gen:5.672411819999979 - timing_s/adv:0.007903035999333952 - timing_s/update_actor:2.383350165000593 - timing_s/dump_rollout_generations:0.0012942579996888526 - timing_s/step:8.066049461998773 - timing_s/save_checkpoint:17.10774036100338 - timing_s/stop_profile:3.7899000744801015e-05 - timing_per_token_ms/update_actor:7.6389428365403615 - timing_per_token_ms/gen:2836.2059099999897 - timing_per_token_ms/adv:0.025330243587608818 - perf/total_num_tokens:312 - perf/time_per_step:8.066049461998773 - perf/throughput:38.680645521690884
[36m(TaskRunner pid=35901)[0m Training Progress:  20%|██        | 2/10 [01:02<04:01, 30.13s/it]
[36m(WorkerDict pid=36106)[0m /workspace/verl/utils/device.py:134: FutureWarning: torch.cuda._set_allocator_settings is deprecated. Use torch._C._accelerator_setAllocatorSettings instead.
[36m(WorkerDict pid=36106)[0m   torch.cuda.memory._set_allocator_settings(f"expandable_segments:{enable}")
[36m(WorkerDict pid=36106)[0m /workspace/verl/utils/device.py:134: FutureWarning: torch.cuda._set_allocator_settings is deprecated. Use torch._C._accelerator_setAllocatorSettings instead.
[36m(WorkerDict pid=36106)[0m   torch.cuda.memory._set_allocator_settings(f"expandable_segments:{enable}")
[36m(TaskRunner pid=35901)[0m Dumped generations to /workspace/outputs/chartvqa_training_cot1024_top080_10steps/rollouts/3.jsonl
[36m(TaskRunner pid=35901)[0m local_global_step_folder: /workspace/outputs/chartvqa_training_cot1024_top080_10steps/checkpoints/global_step_3
[36m(WorkerDict pid=36106)[0m /usr/local/lib/python3.12/dist-packages/torch/utils/_contextlib.py:124: UserWarning: When using ``NO_SHARD`` for ``ShardingStrategy``, full_state_dict will be returned.
[36m(WorkerDict pid=36106)[0m   return func(*args, **kwargs)
[36m(TaskRunner pid=35901)[0m step:3 - self_distillation/teacher_always_on_fraction:1.0 - self_distillation/teacher_image_swap_fraction:1.0 - self_distillation/policy_fallback_fraction:0.0 - self_distillation/grpo_fallback_count:0.0 - rollout_corr/rollout_is_mean:1.0 - rollout_corr/rollout_is_ratio_fraction_high:0.0 - rollout_corr/rollout_is_ratio_fraction_low:0.0 - rollout_corr/rollout_is_max:1.0 - rollout_corr/rollout_is_min:1.0 - rollout_corr/rollout_is_std:0.0 - rollout_corr/rollout_is_eff_sample_size:1.0 - rollout_corr/rollout_is_seq_mean:1.0 - rollout_corr/rollout_is_seq_std:0.0 - rollout_corr/rollout_is_seq_max:1.0 - rollout_corr/rollout_is_seq_min:1.0 - rollout_corr/rollout_is_seq_max_deviation:0.0 - rollout_corr/rollout_is_seq_fraction_high:0.0 - rollout_corr/rollout_is_seq_fraction_low:0.0 - rollout_corr/training_ppl:2.2654848098754883 - rollout_corr/training_log_ppl:0.8177887797355652 - rollout_corr/kl:0.0016473402502015233 - rollout_corr/k3_kl:0.0011868325527757406 - rollout_corr/rollout_ppl:2.2617557048797607 - rollout_corr/rollout_log_ppl:0.8161414265632629 - rollout_corr/log_ppl_diff:0.001647353172302246 - rollout_corr/log_ppl_abs_diff:0.001647353172302246 - rollout_corr/log_ppl_diff_max:0.001647353172302246 - rollout_corr/log_ppl_diff_min:0.001647353172302246 - rollout_corr/ppl_ratio:1.0016486644744873 - rollout_corr/chi2_token:0.0014573335647583008 - rollout_corr/chi2_seq:-0.313118577003479 - actor/pg_loss:0.008552901446819305 - actor/kl_loss:0.0 - actor/grpo_loss:0.0 - actor/vopd_loss:0.008552901446819305 - actor/vopd_loss_weighted:0.008552901446819305 - actor/policy_fallback_fraction:0.0 - self_distillation/raw_jsd_token_mean:0.008552901446819305 - self_distillation/weighted_jsd_token_mean:0.008552901446819305 - self_distillation/self_distillation_mask.mean():1.0 - self_distillation/num_distill_tokens:114.0 - self_distillation/empty_target_batch:0.0 - actor/grad_norm:0.04273650422692299 - timing_s/update_actor/student_forward:0.39842128999953275 - timing_s/update_actor/teacher_forward:0.3020882269993308 - timing_s/update_actor/loss_compute:0.0008914840000215918 - timing_s/update_actor/backward:0.6656942240006174 - timing_s/update_actor/optimizer_step:0.023102369999833172 - timing_s/update_actor/teacher_ema_update:2.1859999833395705e-05 - perf/mfu/actor:0.03291288364539346 - perf/max_memory_allocated_gb:36.748140811920166 - perf/max_memory_reserved_gb:37.009765625 - perf/cpu_memory_used_gb:48.31880187988281 - actor/lr:1e-06 - training/global_step:3 - training/epoch:0 - response_length/mean:114.0 - response_length/max:114.0 - response_length/min:114.0 - response_length/clip_ratio:0.0 - response_length_non_aborted/mean:114.0 - response_length_non_aborted/max:114.0 - response_length_non_aborted/min:114.0 - response_length_non_aborted/clip_ratio:0.0 - response/aborted_ratio:0.0 - prompt_length/mean:221.0 - prompt_length/max:221.0 - prompt_length/min:221.0 - prompt_length/clip_ratio:0.0 - num_turns/min:2 - num_turns/max:2 - num_turns/mean:2.0 - timing_s/start_profile:2.4908997147576883e-05 - timing_s/agent_loop/generate_sequences/min:7.869189717002882 - timing_s/agent_loop/generate_sequences/max:7.869189717002882 - timing_s/agent_loop/generate_sequences/mean:7.869189717002882 - timing_s/agent_loop/tool_calls/min:0.0 - timing_s/agent_loop/tool_calls/max:0.0 - timing_s/agent_loop/tool_calls/mean:0.0 - timing_s/agent_loop/slowest/generate_sequences:7.869189717002882 - timing_s/agent_loop/slowest/tool_calls:0.0 - timing_s/agent_loop/slowest/prompt_length:221 - timing_s/agent_loop/slowest/response_length:114 - timing_s/gen:12.033036483000615 - timing_s/adv:0.006084087999624899 - timing_s/update_actor:2.225702558997 - timing_s/dump_rollout_generations:0.0013933659975009505 - timing_s/step:14.267274957001064 - timing_s/save_checkpoint:17.26170105899655 - timing_s/stop_profile:4.0638999053044245e-05 - timing_per_token_ms/update_actor:6.64388823581194 - timing_per_token_ms/gen:105.55295160526855 - timing_per_token_ms/adv:0.018161456715298206 - perf/total_num_tokens:335 - perf/time_per_step:14.267274957001064 - perf/throughput:23.48030727729214
[36m(TaskRunner pid=35901)[0m Training Progress:  30%|███       | 3/10 [01:33<03:35, 30.77s/it]
[36m(WorkerDict pid=36106)[0m /workspace/verl/utils/device.py:134: FutureWarning: torch.cuda._set_allocator_settings is deprecated. Use torch._C._accelerator_setAllocatorSettings instead.
[36m(WorkerDict pid=36106)[0m   torch.cuda.memory._set_allocator_settings(f"expandable_segments:{enable}")
[36m(TaskRunner pid=35901)[0m Dumped generations to /workspace/outputs/chartvqa_training_cot1024_top080_10steps/rollouts/4.jsonl
[36m(TaskRunner pid=35901)[0m local_global_step_folder: /workspace/outputs/chartvqa_training_cot1024_top080_10steps/checkpoints/global_step_4
[36m(WorkerDict pid=36106)[0m /usr/local/lib/python3.12/dist-packages/torch/utils/_contextlib.py:124: UserWarning: When using ``NO_SHARD`` for ``ShardingStrategy``, full_state_dict will be returned.
[36m(WorkerDict pid=36106)[0m   return func(*args, **kwargs)
[36m(TaskRunner pid=35901)[0m step:4 - self_distillation/teacher_always_on_fraction:1.0 - self_distillation/teacher_image_swap_fraction:1.0 - self_distillation/policy_fallback_fraction:0.0 - self_distillation/grpo_fallback_count:0.0 - rollout_corr/rollout_is_mean:1.0 - rollout_corr/rollout_is_ratio_fraction_high:0.0 - rollout_corr/rollout_is_ratio_fraction_low:0.0 - rollout_corr/rollout_is_max:1.0 - rollout_corr/rollout_is_min:1.0 - rollout_corr/rollout_is_std:0.0 - rollout_corr/rollout_is_eff_sample_size:1.0 - rollout_corr/rollout_is_seq_mean:1.0 - rollout_corr/rollout_is_seq_std:0.0 - rollout_corr/rollout_is_seq_max:1.0 - rollout_corr/rollout_is_seq_min:1.0 - rollout_corr/rollout_is_seq_max_deviation:0.0 - rollout_corr/rollout_is_seq_fraction_high:0.0 - rollout_corr/rollout_is_seq_fraction_low:0.0 - rollout_corr/training_ppl:1.3063559532165527 - rollout_corr/training_log_ppl:0.26724153757095337 - rollout_corr/kl:0.004916995298117399 - rollout_corr/k3_kl:0.0004059425846207887 - rollout_corr/rollout_ppl:1.2999483346939087 - rollout_corr/rollout_log_ppl:0.2623245418071747 - rollout_corr/log_ppl_diff:0.0049169957637786865 - rollout_corr/log_ppl_abs_diff:0.0049169957637786865 - rollout_corr/log_ppl_diff_max:0.0049169957637786865 - rollout_corr/log_ppl_diff_min:0.0049169957637786865 - rollout_corr/ppl_ratio:1.0049291849136353 - rollout_corr/chi2_token:-0.008237659931182861 - rollout_corr/chi2_seq:-0.7967069149017334 - actor/pg_loss:0.005150886718183756 - actor/kl_loss:0.0 - actor/grpo_loss:0.0 - actor/vopd_loss:0.005150886718183756 - actor/vopd_loss_weighted:0.005150886718183756 - actor/policy_fallback_fraction:0.0 - self_distillation/raw_jsd_token_mean:0.005150886718183756 - self_distillation/weighted_jsd_token_mean:0.005150886718183756 - self_distillation/self_distillation_mask.mean():1.0 - self_distillation/num_distill_tokens:162.0 - self_distillation/empty_target_batch:0.0 - actor/grad_norm:0.02505921758711338 - timing_s/update_actor/student_forward:0.415167436000047 - timing_s/update_actor/teacher_forward:0.3106784310002695 - timing_s/update_actor/loss_compute:0.0008901149994926527 - timing_s/update_actor/backward:0.6665420399986033 - timing_s/update_actor/optimizer_step:0.023592321998876287 - timing_s/update_actor/teacher_ema_update:2.123000012943521e-05 - perf/mfu/actor:0.03813594027020414 - perf/max_memory_allocated_gb:36.74862766265869 - perf/max_memory_reserved_gb:37.009765625 - perf/cpu_memory_used_gb:48.3585090637207 - actor/lr:1e-06 - training/global_step:4 - training/epoch:0 - response_length/mean:162.0 - response_length/max:162.0 - response_length/min:162.0 - response_length/clip_ratio:0.0 - response_length_non_aborted/mean:162.0 - response_length_non_aborted/max:162.0 - response_length_non_aborted/min:162.0 - response_length_non_aborted/clip_ratio:0.0 - response/aborted_ratio:0.0 - prompt_length/mean:233.0 - prompt_length/max:233.0 - prompt_length/min:233.0 - prompt_length/clip_ratio:0.0 - num_turns/min:2 - num_turns/max:2 - num_turns/mean:2.0 - timing_s/start_profile:2.5638997612986714e-05 - timing_s/agent_loop/generate_sequences/min:10.311932050000905 - timing_s/agent_loop/generate_sequences/max:10.311932050000905 - timing_s/agent_loop/generate_sequences/mean:10.311932050000905 - timing_s/agent_loop/tool_calls/min:0.0 - timing_s/agent_loop/tool_calls/max:0.0 - timing_s/agent_loop/tool_calls/mean:0.0 - timing_s/agent_loop/slowest/generate_sequences:10.311932050000905 - timing_s/agent_loop/slowest/tool_calls:0.0 - timing_s/agent_loop/slowest/prompt_length:233 - timing_s/agent_loop/slowest/response_length:162 - timing_s/gen:14.064016751999588 - timing_s/adv:0.006147607000457356 - timing_s/update_actor:2.221604758000467 - timing_s/dump_rollout_generations:0.001224919000378577 - timing_s/step:16.294078606999392 - timing_s/save_checkpoint:17.044023128000845 - timing_s/stop_profile:3.9749997085891664e-05 - timing_per_token_ms/update_actor:5.624315843039157 - timing_per_token_ms/gen:86.81491822221969 - timing_per_token_ms/adv:0.015563562026474319 - perf/total_num_tokens:395 - perf/time_per_step:16.294078606999392 - perf/throughput:24.24193533903299
[36m(TaskRunner pid=35901)[0m Training Progress:  40%|████      | 4/10 [02:07<03:10, 31.78s/it]
[36m(WorkerDict pid=36106)[0m /workspace/verl/utils/device.py:134: FutureWarning: torch.cuda._set_allocator_settings is deprecated. Use torch._C._accelerator_setAllocatorSettings instead.
[36m(WorkerDict pid=36106)[0m   torch.cuda.memory._set_allocator_settings(f"expandable_segments:{enable}")
[36m(TaskRunner pid=35901)[0m Dumped generations to /workspace/outputs/chartvqa_training_cot1024_top080_10steps/rollouts/5.jsonl
[36m(TaskRunner pid=35901)[0m local_global_step_folder: /workspace/outputs/chartvqa_training_cot1024_top080_10steps/checkpoints/global_step_5
[36m(WorkerDict pid=36106)[0m /usr/local/lib/python3.12/dist-packages/torch/utils/_contextlib.py:124: UserWarning: When using ``NO_SHARD`` for ``ShardingStrategy``, full_state_dict will be returned.
[36m(WorkerDict pid=36106)[0m   return func(*args, **kwargs)
[36m(TaskRunner pid=35901)[0m step:5 - self_distillation/teacher_always_on_fraction:1.0 - self_distillation/teacher_image_swap_fraction:1.0 - self_distillation/policy_fallback_fraction:0.0 - self_distillation/grpo_fallback_count:0.0 - rollout_corr/rollout_is_mean:1.0 - rollout_corr/rollout_is_ratio_fraction_high:0.0 - rollout_corr/rollout_is_ratio_fraction_low:0.0 - rollout_corr/rollout_is_max:1.0 - rollout_corr/rollout_is_min:1.0 - rollout_corr/rollout_is_std:0.0 - rollout_corr/rollout_is_eff_sample_size:1.0 - rollout_corr/rollout_is_seq_mean:1.0 - rollout_corr/rollout_is_seq_std:0.0 - rollout_corr/rollout_is_seq_max:1.0 - rollout_corr/rollout_is_seq_min:1.0 - rollout_corr/rollout_is_seq_max_deviation:0.0 - rollout_corr/rollout_is_seq_fraction_high:0.0 - rollout_corr/rollout_is_seq_fraction_low:0.0 - rollout_corr/training_ppl:1.169911503791809 - rollout_corr/training_log_ppl:0.156928151845932 - rollout_corr/kl:0.0008447766304016113 - rollout_corr/k3_kl:2.7277252229396254e-05 - rollout_corr/rollout_ppl:1.1689236164093018 - rollout_corr/rollout_log_ppl:0.1560833603143692 - rollout_corr/log_ppl_diff:0.0008447915315628052 - rollout_corr/log_ppl_abs_diff:0.0008447915315628052 - rollout_corr/log_ppl_diff_max:0.0008447915315628052 - rollout_corr/log_ppl_diff_min:0.0008447915315628052 - rollout_corr/ppl_ratio:1.0008450746536255 - rollout_corr/chi2_token:-0.001580953598022461 - rollout_corr/chi2_seq:-0.0184134840965271 - actor/pg_loss:0.41742220520973206 - actor/kl_loss:0.0 - actor/grpo_loss:0.0 - actor/vopd_loss:0.41742220520973206 - actor/vopd_loss_weighted:0.41742220520973206 - actor/policy_fallback_fraction:0.0 - self_distillation/raw_jsd_token_mean:0.41742220520973206 - self_distillation/weighted_jsd_token_mean:0.41742220520973206 - self_distillation/self_distillation_mask.mean():1.0 - self_distillation/num_distill_tokens:11.0 - self_distillation/empty_target_batch:0.0 - actor/grad_norm:0.19852250814437866 - timing_s/update_actor/student_forward:0.3834878519992344 - timing_s/update_actor/teacher_forward:0.31084412899872405 - timing_s/update_actor/loss_compute:0.0008875950006768107 - timing_s/update_actor/backward:0.7309777409973321 - timing_s/update_actor/optimizer_step:0.023906085996713955 - timing_s/update_actor/teacher_ema_update:2.1529998775804415e-05 - perf/mfu/actor:0.029292825907525643 - perf/max_memory_allocated_gb:36.74862766265869 - perf/max_memory_reserved_gb:37.009765625 - perf/cpu_memory_used_gb:48.39486312866211 - actor/lr:1e-06 - training/global_step:5 - training/epoch:0 - response_length/mean:11.0 - response_length/max:11.0 - response_length/min:11.0 - response_length/clip_ratio:0.0 - response_length_non_aborted/mean:11.0 - response_length_non_aborted/max:11.0 - response_length_non_aborted/min:11.0 - response_length_non_aborted/clip_ratio:0.0 - response/aborted_ratio:0.0 - prompt_length/mean:300.0 - prompt_length/max:300.0 - prompt_length/min:300.0 - prompt_length/clip_ratio:0.0 - num_turns/min:2 - num_turns/max:2 - num_turns/mean:2.0 - timing_s/start_profile:4.409000030136667e-05 - timing_s/agent_loop/generate_sequences/min:0.8018229840017739 - timing_s/agent_loop/generate_sequences/max:0.8018229840017739 - timing_s/agent_loop/generate_sequences/mean:0.8018229840017739 - timing_s/agent_loop/tool_calls/min:0.0 - timing_s/agent_loop/tool_calls/max:0.0 - timing_s/agent_loop/tool_calls/mean:0.0 - timing_s/agent_loop/slowest/generate_sequences:0.8018229840017739 - timing_s/agent_loop/slowest/tool_calls:0.0 - timing_s/agent_loop/slowest/prompt_length:300 - timing_s/agent_loop/slowest/response_length:11 - timing_s/gen:4.558231653001712 - timing_s/adv:0.007770357999106636 - timing_s/update_actor:2.395709786000225 - timing_s/dump_rollout_generations:0.0011707300000125542 - timing_s/step:6.964129717001924 - timing_s/save_checkpoint:17.433469847001106 - timing_s/stop_profile:5.511899871635251e-05 - timing_per_token_ms/update_actor:7.7032469003222666 - timing_per_token_ms/gen:414.3846957274284 - timing_per_token_ms/adv:0.02498507395211137 - perf/total_num_tokens:311 - perf/time_per_step:6.964129717001924 - perf/throughput:44.65741056498963
[36m(TaskRunner pid=35901)[0m Training Progress:  50%|█████     | 5/10 [02:31<02:25, 29.12s/it]
[36m(WorkerDict pid=36106)[0m /workspace/verl/utils/device.py:134: FutureWarning: torch.cuda._set_allocator_settings is deprecated. Use torch._C._accelerator_setAllocatorSettings instead.
[36m(WorkerDict pid=36106)[0m   torch.cuda.memory._set_allocator_settings(f"expandable_segments:{enable}")
[36m(TaskRunner pid=35901)[0m Dumped generations to /workspace/outputs/chartvqa_training_cot1024_top080_10steps/rollouts/6.jsonl
[36m(TaskRunner pid=35901)[0m local_global_step_folder: /workspace/outputs/chartvqa_training_cot1024_top080_10steps/checkpoints/global_step_6
[36m(WorkerDict pid=36106)[0m /usr/local/lib/python3.12/dist-packages/torch/utils/_contextlib.py:124: UserWarning: When using ``NO_SHARD`` for ``ShardingStrategy``, full_state_dict will be returned.
[36m(WorkerDict pid=36106)[0m   return func(*args, **kwargs)
[36m(TaskRunner pid=35901)[0m step:6 - self_distillation/teacher_always_on_fraction:1.0 - self_distillation/teacher_image_swap_fraction:1.0 - self_distillation/policy_fallback_fraction:0.0 - self_distillation/grpo_fallback_count:0.0 - rollout_corr/rollout_is_mean:1.0 - rollout_corr/rollout_is_ratio_fraction_high:0.0 - rollout_corr/rollout_is_ratio_fraction_low:0.0 - rollout_corr/rollout_is_max:1.0 - rollout_corr/rollout_is_min:1.0 - rollout_corr/rollout_is_std:0.0 - rollout_corr/rollout_is_eff_sample_size:1.0 - rollout_corr/rollout_is_seq_mean:1.0 - rollout_corr/rollout_is_seq_std:0.0 - rollout_corr/rollout_is_seq_max:1.0 - rollout_corr/rollout_is_seq_min:1.0 - rollout_corr/rollout_is_seq_max_deviation:0.0 - rollout_corr/rollout_is_seq_fraction_high:0.0 - rollout_corr/rollout_is_seq_fraction_low:0.0 - rollout_corr/training_ppl:1.4024646282196045 - rollout_corr/training_log_ppl:0.3382311463356018 - rollout_corr/kl:0.004705800674855709 - rollout_corr/k3_kl:0.0005147173069417477 - rollout_corr/rollout_ppl:1.3958803415298462 - rollout_corr/rollout_log_ppl:0.33352532982826233 - rollout_corr/log_ppl_diff:0.0047058165073394775 - rollout_corr/log_ppl_abs_diff:0.0047058165073394775 - rollout_corr/log_ppl_diff_max:0.0047058165073394775 - rollout_corr/log_ppl_diff_min:0.0047058165073394775 - rollout_corr/ppl_ratio:1.0047168731689453 - rollout_corr/chi2_token:-0.007412850856781006 - rollout_corr/chi2_seq:-0.326513409614563 - actor/pg_loss:0.25274285674095154 - actor/kl_loss:0.0 - actor/grpo_loss:0.0 - actor/vopd_loss:0.25274285674095154 - actor/vopd_loss_weighted:0.25274285674095154 - actor/policy_fallback_fraction:0.0 - self_distillation/raw_jsd_token_mean:0.25274285674095154 - self_distillation/weighted_jsd_token_mean:0.25274285674095154 - self_distillation/self_distillation_mask.mean():1.0 - self_distillation/num_distill_tokens:42.0 - self_distillation/empty_target_batch:0.0 - actor/grad_norm:0.13257268071174622 - timing_s/update_actor/student_forward:0.3943593670010159 - timing_s/update_actor/teacher_forward:0.30970416800118983 - timing_s/update_actor/loss_compute:0.0008972440009529237 - timing_s/update_actor/backward:0.6586503020007513 - timing_s/update_actor/optimizer_step:0.023397095003019786 - timing_s/update_actor/teacher_ema_update:2.2309999621938914e-05 - perf/mfu/actor:0.03387779678591826 - perf/max_memory_allocated_gb:36.74942445755005 - perf/max_memory_reserved_gb:37.009765625 - perf/cpu_memory_used_gb:48.435768127441406 - actor/lr:1e-06 - training/global_step:6 - training/epoch:0 - response_length/mean:42.0 - response_length/max:42.0 - response_length/min:42.0 - response_length/clip_ratio:0.0 - response_length_non_aborted/mean:42.0 - response_length_non_aborted/max:42.0 - response_length_non_aborted/min:42.0 - response_length_non_aborted/clip_ratio:0.0 - response/aborted_ratio:0.0 - prompt_length/mean:302.0 - prompt_length/max:302.0 - prompt_length/min:302.0 - prompt_length/clip_ratio:0.0 - num_turns/min:2 - num_turns/max:2 - num_turns/mean:2.0 - timing_s/start_profile:2.5739998818608e-05 - timing_s/agent_loop/generate_sequences/min:2.7137688729999354 - timing_s/agent_loop/generate_sequences/max:2.7137688729999354 - timing_s/agent_loop/generate_sequences/mean:2.7137688729999354 - timing_s/agent_loop/tool_calls/min:0.0 - timing_s/agent_loop/tool_calls/max:0.0 - timing_s/agent_loop/tool_calls/mean:0.0 - timing_s/agent_loop/slowest/generate_sequences:2.7137688729999354 - timing_s/agent_loop/slowest/tool_calls:0.0 - timing_s/agent_loop/slowest/prompt_length:302 - timing_s/agent_loop/slowest/response_length:42 - timing_s/gen:6.549317124998197 - timing_s/adv:0.007416484000714263 - timing_s/update_actor:2.183525260999886 - timing_s/dump_rollout_generations:0.001164760997198755 - timing_s/step:8.742484024001897 - timing_s/save_checkpoint:17.041021008000826 - timing_s/stop_profile:3.781000123126432e-05 - timing_per_token_ms/update_actor:6.347457154069437 - timing_per_token_ms/gen:155.9361220237666 - timing_per_token_ms/adv:0.02155954651370425 - perf/total_num_tokens:344 - perf/time_per_step:8.742484024001897 - perf/throughput:39.3480844866941
[36m(TaskRunner pid=35901)[0m Training Progress:  60%|██████    | 6/10 [02:57<01:51, 27.99s/it]
[36m(WorkerDict pid=36106)[0m /workspace/verl/utils/device.py:134: FutureWarning: torch.cuda._set_allocator_settings is deprecated. Use torch._C._accelerator_setAllocatorSettings instead.
[36m(WorkerDict pid=36106)[0m   torch.cuda.memory._set_allocator_settings(f"expandable_segments:{enable}")
[36m(TaskRunner pid=35901)[0m Dumped generations to /workspace/outputs/chartvqa_training_cot1024_top080_10steps/rollouts/7.jsonl
[36m(TaskRunner pid=35901)[0m local_global_step_folder: /workspace/outputs/chartvqa_training_cot1024_top080_10steps/checkpoints/global_step_7
[36m(WorkerDict pid=36106)[0m /usr/local/lib/python3.12/dist-packages/torch/utils/_contextlib.py:124: UserWarning: When using ``NO_SHARD`` for ``ShardingStrategy``, full_state_dict will be returned.
[36m(WorkerDict pid=36106)[0m   return func(*args, **kwargs)
[36m(TaskRunner pid=35901)[0m step:7 - self_distillation/teacher_always_on_fraction:1.0 - self_distillation/teacher_image_swap_fraction:1.0 - self_distillation/policy_fallback_fraction:0.0 - self_distillation/grpo_fallback_count:0.0 - rollout_corr/rollout_is_mean:1.0 - rollout_corr/rollout_is_ratio_fraction_high:0.0 - rollout_corr/rollout_is_ratio_fraction_low:0.0 - rollout_corr/rollout_is_max:1.0 - rollout_corr/rollout_is_min:1.0 - rollout_corr/rollout_is_std:0.0 - rollout_corr/rollout_is_eff_sample_size:1.0 - rollout_corr/rollout_is_seq_mean:1.0 - rollout_corr/rollout_is_seq_std:0.0 - rollout_corr/rollout_is_seq_max:1.0 - rollout_corr/rollout_is_seq_min:1.0 - rollout_corr/rollout_is_seq_max_deviation:0.0 - rollout_corr/rollout_is_seq_fraction_high:0.0 - rollout_corr/rollout_is_seq_fraction_low:0.0 - rollout_corr/training_ppl:2.4113354682922363 - rollout_corr/training_log_ppl:0.8801807761192322 - rollout_corr/kl:-0.029337294399738312 - rollout_corr/k3_kl:0.003791862167418003 - rollout_corr/rollout_ppl:2.483125925064087 - rollout_corr/rollout_log_ppl:0.9095181226730347 - rollout_corr/log_ppl_diff:-0.02933734655380249 - rollout_corr/log_ppl_abs_diff:0.02933734655380249 - rollout_corr/log_ppl_diff_max:-0.02933734655380249 - rollout_corr/log_ppl_diff_min:-0.02933734655380249 - rollout_corr/ppl_ratio:0.9710887670516968 - rollout_corr/chi2_token:0.07469308376312256 - rollout_corr/chi2_seq:0.695658802986145 - actor/pg_loss:0.5213488936424255 - actor/kl_loss:0.0 - actor/grpo_loss:0.0 - actor/vopd_loss:0.5213488936424255 - actor/vopd_loss_weighted:0.5213488936424255 - actor/policy_fallback_fraction:0.0 - self_distillation/raw_jsd_token_mean:0.5213488936424255 - self_distillation/weighted_jsd_token_mean:0.5213488936424255 - self_distillation/self_distillation_mask.mean():1.0 - self_distillation/num_distill_tokens:9.0 - self_distillation/empty_target_batch:0.0 - actor/grad_norm:0.2745751440525055 - timing_s/update_actor/student_forward:0.3783166880020872 - timing_s/update_actor/teacher_forward:0.3017896119999932 - timing_s/update_actor/loss_compute:0.0008990539972728584 - timing_s/update_actor/backward:0.7008937889986555 - timing_s/update_actor/optimizer_step:0.02362473099856288 - timing_s/update_actor/teacher_ema_update:2.2729000193066895e-05 - perf/mfu/actor:0.026776842223735824 - perf/max_memory_allocated_gb:36.74942445755005 - perf/max_memory_reserved_gb:37.009765625 - perf/cpu_memory_used_gb:48.473304748535156 - actor/lr:1e-06 - training/global_step:7 - training/epoch:0 - response_length/mean:9.0 - response_length/max:9.0 - response_length/min:9.0 - response_length/clip_ratio:0.0 - response_length_non_aborted/mean:9.0 - response_length_non_aborted/max:9.0 - response_length_non_aborted/min:9.0 - response_length_non_aborted/clip_ratio:0.0 - response/aborted_ratio:0.0 - prompt_length/mean:267.0 - prompt_length/max:267.0 - prompt_length/min:267.0 - prompt_length/clip_ratio:0.0 - num_turns/min:2 - num_turns/max:2 - num_turns/mean:2.0 - timing_s/start_profile:2.9590002668555826e-05 - timing_s/agent_loop/generate_sequences/min:0.6492271620008978 - timing_s/agent_loop/generate_sequences/max:0.6492271620008978 - timing_s/agent_loop/generate_sequences/mean:0.6492271620008978 - timing_s/agent_loop/tool_calls/min:0.0 - timing_s/agent_loop/tool_calls/max:0.0 - timing_s/agent_loop/tool_calls/mean:0.0 - timing_s/agent_loop/slowest/generate_sequences:0.6492271620008978 - timing_s/agent_loop/slowest/tool_calls:0.0 - timing_s/agent_loop/slowest/prompt_length:267 - timing_s/agent_loop/slowest/response_length:9 - timing_s/gen:4.312007292999624 - timing_s/adv:0.006752795998181682 - timing_s/update_actor:2.2991900079978222 - timing_s/dump_rollout_generations:0.0011577109980862588 - timing_s/step:6.620167708999361 - timing_s/save_checkpoint:17.42527597699882 - timing_s/stop_profile:3.8698999560438097e-05 - timing_per_token_ms/update_actor:8.330398579702255 - timing_per_token_ms/gen:479.1119214444027 - timing_per_token_ms/adv:0.024466652167324934 - perf/total_num_tokens:276 - perf/time_per_step:6.620167708999361 - perf/throughput:41.69078671901462
[36m(TaskRunner pid=35901)[0m Training Progress:  70%|███████   | 7/10 [03:21<01:20, 26.70s/it]
[36m(WorkerDict pid=36106)[0m /workspace/verl/utils/device.py:134: FutureWarning: torch.cuda._set_allocator_settings is deprecated. Use torch._C._accelerator_setAllocatorSettings instead.
[36m(WorkerDict pid=36106)[0m   torch.cuda.memory._set_allocator_settings(f"expandable_segments:{enable}")
[36m(TaskRunner pid=35901)[0m Dumped generations to /workspace/outputs/chartvqa_training_cot1024_top080_10steps/rollouts/8.jsonl
[36m(TaskRunner pid=35901)[0m local_global_step_folder: /workspace/outputs/chartvqa_training_cot1024_top080_10steps/checkpoints/global_step_8
[36m(WorkerDict pid=36106)[0m /usr/local/lib/python3.12/dist-packages/torch/utils/_contextlib.py:124: UserWarning: When using ``NO_SHARD`` for ``ShardingStrategy``, full_state_dict will be returned.
[36m(WorkerDict pid=36106)[0m   return func(*args, **kwargs)
[36m(TaskRunner pid=35901)[0m step:8 - self_distillation/teacher_always_on_fraction:1.0 - self_distillation/teacher_image_swap_fraction:1.0 - self_distillation/policy_fallback_fraction:0.0 - self_distillation/grpo_fallback_count:0.0 - rollout_corr/rollout_is_mean:1.0 - rollout_corr/rollout_is_ratio_fraction_high:0.0 - rollout_corr/rollout_is_ratio_fraction_low:0.0 - rollout_corr/rollout_is_max:1.0 - rollout_corr/rollout_is_min:1.0 - rollout_corr/rollout_is_std:0.0 - rollout_corr/rollout_is_eff_sample_size:1.0 - rollout_corr/rollout_is_seq_mean:1.0 - rollout_corr/rollout_is_seq_std:0.0 - rollout_corr/rollout_is_seq_max:1.0 - rollout_corr/rollout_is_seq_min:1.0 - rollout_corr/rollout_is_seq_max_deviation:0.0 - rollout_corr/rollout_is_seq_fraction_high:0.0 - rollout_corr/rollout_is_seq_fraction_low:0.0 - rollout_corr/training_ppl:1.1630221605300903 - rollout_corr/training_log_ppl:0.15102195739746094 - rollout_corr/kl:-0.007321683689951897 - rollout_corr/k3_kl:0.0004676201206166297 - rollout_corr/rollout_ppl:1.1715686321258545 - rollout_corr/rollout_log_ppl:0.15834364295005798 - rollout_corr/log_ppl_diff:-0.007321685552597046 - rollout_corr/log_ppl_abs_diff:0.007321685552597046 - rollout_corr/log_ppl_diff_max:-0.007321685552597046 - rollout_corr/log_ppl_diff_min:-0.007321685552597046 - rollout_corr/ppl_ratio:0.9927050471305847 - rollout_corr/chi2_token:0.01657688617706299 - rollout_corr/chi2_seq:0.17477548122406006 - actor/pg_loss:0.16591539978981018 - actor/kl_loss:0.0 - actor/grpo_loss:0.0 - actor/vopd_loss:0.16591539978981018 - actor/vopd_loss_weighted:0.16591539978981018 - actor/policy_fallback_fraction:0.0 - self_distillation/raw_jsd_token_mean:0.16591539978981018 - self_distillation/weighted_jsd_token_mean:0.16591539978981018 - self_distillation/self_distillation_mask.mean():1.0 - self_distillation/num_distill_tokens:11.0 - self_distillation/empty_target_batch:0.0 - actor/grad_norm:0.2941986918449402 - timing_s/update_actor/student_forward:0.3768258340023749 - timing_s/update_actor/teacher_forward:0.303083119000803 - timing_s/update_actor/loss_compute:0.0008930449985200539 - timing_s/update_actor/backward:0.6676194909996411 - timing_s/update_actor/optimizer_step:0.02233425300073577 - timing_s/update_actor/teacher_ema_update:2.0460000087041408e-05 - perf/mfu/actor:0.027766349122258914 - perf/max_memory_allocated_gb:36.75010633468628 - perf/max_memory_reserved_gb:37.009765625 - perf/cpu_memory_used_gb:48.50558853149414 - actor/lr:1e-06 - training/global_step:8 - training/epoch:0 - response_length/mean:11.0 - response_length/max:11.0 - response_length/min:11.0 - response_length/clip_ratio:0.0 - response_length_non_aborted/mean:11.0 - response_length_non_aborted/max:11.0 - response_length_non_aborted/min:11.0 - response_length_non_aborted/clip_ratio:0.0 - response/aborted_ratio:0.0 - prompt_length/mean:268.0 - prompt_length/max:268.0 - prompt_length/min:268.0 - prompt_length/clip_ratio:0.0 - num_turns/min:2 - num_turns/max:2 - num_turns/mean:2.0 - timing_s/start_profile:2.5110002752626315e-05 - timing_s/agent_loop/generate_sequences/min:0.7518933380015369 - timing_s/agent_loop/generate_sequences/max:0.7518933380015369 - timing_s/agent_loop/generate_sequences/mean:0.7518933380015369 - timing_s/agent_loop/tool_calls/min:0.0 - timing_s/agent_loop/tool_calls/max:0.0 - timing_s/agent_loop/tool_calls/mean:0.0 - timing_s/agent_loop/slowest/generate_sequences:0.7518933380015369 - timing_s/agent_loop/slowest/tool_calls:0.0 - timing_s/agent_loop/slowest/prompt_length:268 - timing_s/agent_loop/slowest/response_length:11 - timing_s/gen:4.641546984999877 - timing_s/adv:0.007728399999905378 - timing_s/update_actor:2.1666000069999427 - timing_s/dump_rollout_generations:0.0011560509992705192 - timing_s/step:6.8180620150014875 - timing_s/save_checkpoint:17.319758719000674 - timing_s/stop_profile:4.165900099906139e-05 - timing_per_token_ms/update_actor:7.765591422938863 - timing_per_token_ms/gen:421.95881681817065 - timing_per_token_ms/adv:0.027700358422599918 - perf/total_num_tokens:279 - perf/time_per_step:6.8180620150014875 - perf/throughput:40.920719023401126
[36m(TaskRunner pid=35901)[0m Training Progress:  80%|████████  | 8/10 [03:45<00:51, 25.89s/it]
[36m(WorkerDict pid=36106)[0m /workspace/verl/utils/device.py:134: FutureWarning: torch.cuda._set_allocator_settings is deprecated. Use torch._C._accelerator_setAllocatorSettings instead.
[36m(WorkerDict pid=36106)[0m   torch.cuda.memory._set_allocator_settings(f"expandable_segments:{enable}")
[36m(TaskRunner pid=35901)[0m Dumped generations to /workspace/outputs/chartvqa_training_cot1024_top080_10steps/rollouts/9.jsonl
[36m(TaskRunner pid=35901)[0m local_global_step_folder: /workspace/outputs/chartvqa_training_cot1024_top080_10steps/checkpoints/global_step_9
[36m(WorkerDict pid=36106)[0m /usr/local/lib/python3.12/dist-packages/torch/utils/_contextlib.py:124: UserWarning: When using ``NO_SHARD`` for ``ShardingStrategy``, full_state_dict will be returned.
[36m(WorkerDict pid=36106)[0m   return func(*args, **kwargs)
[36m(TaskRunner pid=35901)[0m step:9 - self_distillation/teacher_always_on_fraction:1.0 - self_distillation/teacher_image_swap_fraction:1.0 - self_distillation/policy_fallback_fraction:0.0 - self_distillation/grpo_fallback_count:0.0 - rollout_corr/rollout_is_mean:1.0 - rollout_corr/rollout_is_ratio_fraction_high:0.0 - rollout_corr/rollout_is_ratio_fraction_low:0.0 - rollout_corr/rollout_is_max:1.0 - rollout_corr/rollout_is_min:1.0 - rollout_corr/rollout_is_std:0.0 - rollout_corr/rollout_is_eff_sample_size:1.0 - rollout_corr/rollout_is_seq_mean:1.0 - rollout_corr/rollout_is_seq_std:0.0 - rollout_corr/rollout_is_seq_max:1.0 - rollout_corr/rollout_is_seq_min:1.0 - rollout_corr/rollout_is_seq_max_deviation:0.0 - rollout_corr/rollout_is_seq_fraction_high:0.0 - rollout_corr/rollout_is_seq_fraction_low:0.0 - rollout_corr/training_ppl:10.33139705657959 - rollout_corr/training_log_ppl:2.3351874351501465 - rollout_corr/kl:0.0005128160119056702 - rollout_corr/k3_kl:0.0024879276752471924 - rollout_corr/rollout_ppl:10.326099395751953 - rollout_corr/rollout_log_ppl:2.334674596786499 - rollout_corr/log_ppl_diff:0.0005128383636474609 - rollout_corr/log_ppl_abs_diff:0.0005128383636474609 - rollout_corr/log_ppl_diff_max:0.0005128383636474609 - rollout_corr/log_ppl_diff_min:0.0005128383636474609 - rollout_corr/ppl_ratio:1.000512957572937 - rollout_corr/chi2_token:0.008808493614196777 - rollout_corr/chi2_seq:-0.004094123840332031 - actor/pg_loss:0.045317791402339935 - actor/kl_loss:0.0 - actor/grpo_loss:0.0 - actor/vopd_loss:0.045317791402339935 - actor/vopd_loss_weighted:0.045317791402339935 - actor/policy_fallback_fraction:0.0 - self_distillation/raw_jsd_token_mean:0.045317791402339935 - self_distillation/weighted_jsd_token_mean:0.045317791402339935 - self_distillation/self_distillation_mask.mean():1.0 - self_distillation/num_distill_tokens:4.0 - self_distillation/empty_target_batch:0.0 - actor/grad_norm:0.24647556245326996 - timing_s/update_actor/student_forward:0.37093872300101793 - timing_s/update_actor/teacher_forward:0.2978880480004591 - timing_s/update_actor/loss_compute:0.0008736360032344237 - timing_s/update_actor/backward:0.6469816799981345 - timing_s/update_actor/optimizer_step:0.021881100998143665 - timing_s/update_actor/teacher_ema_update:2.0538998796837404e-05 - perf/mfu/actor:0.026179969624596098 - perf/max_memory_allocated_gb:36.75010633468628 - perf/max_memory_reserved_gb:37.009765625 - perf/cpu_memory_used_gb:48.55031967163086 - actor/lr:1e-06 - training/global_step:9 - training/epoch:0 - response_length/mean:4.0 - response_length/max:4.0 - response_length/min:4.0 - response_length/clip_ratio:0.0 - response_length_non_aborted/mean:4.0 - response_length_non_aborted/max:4.0 - response_length_non_aborted/min:4.0 - response_length_non_aborted/clip_ratio:0.0 - response/aborted_ratio:0.0 - prompt_length/mean:253.0 - prompt_length/max:253.0 - prompt_length/min:253.0 - prompt_length/clip_ratio:0.0 - num_turns/min:2 - num_turns/max:2 - num_turns/mean:2.0 - timing_s/start_profile:3.451899829087779e-05 - timing_s/agent_loop/generate_sequences/min:0.33644117600124446 - timing_s/agent_loop/generate_sequences/max:0.33644117600124446 - timing_s/agent_loop/generate_sequences/mean:0.33644117600124446 - timing_s/agent_loop/tool_calls/min:0.0 - timing_s/agent_loop/tool_calls/max:0.0 - timing_s/agent_loop/tool_calls/mean:0.0 - timing_s/agent_loop/slowest/generate_sequences:0.33644117600124446 - timing_s/agent_loop/slowest/tool_calls:0.0 - timing_s/agent_loop/slowest/prompt_length:253 - timing_s/agent_loop/slowest/response_length:4 - timing_s/gen:4.264183320003212 - timing_s/adv:0.007535583001299528 - timing_s/update_actor:2.1427648200005933 - timing_s/dump_rollout_generations:0.0011812999982794281 - timing_s/step:6.416765055000724 - timing_s/save_checkpoint:17.56522052299988 - timing_s/stop_profile:4.081899896846153e-05 - timing_per_token_ms/update_actor:8.337606303504254 - timing_per_token_ms/gen:1066.045830000803 - timing_per_token_ms/adv:0.029321334635406725 - perf/total_num_tokens:257 - perf/time_per_step:6.416765055000724 - perf/throughput:40.05133393495751
[36m(TaskRunner pid=35901)[0m Training Progress:  90%|█████████ | 9/10 [04:09<00:25, 25.29s/it]
[36m(WorkerDict pid=36106)[0m /workspace/verl/utils/device.py:134: FutureWarning: torch.cuda._set_allocator_settings is deprecated. Use torch._C._accelerator_setAllocatorSettings instead.
[36m(WorkerDict pid=36106)[0m   torch.cuda.memory._set_allocator_settings(f"expandable_segments:{enable}")
[36m(TaskRunner pid=35901)[0m Dumped generations to /workspace/outputs/chartvqa_training_cot1024_top080_10steps/rollouts/10.jsonl
[36m(TaskRunner pid=35901)[0m local_global_step_folder: /workspace/outputs/chartvqa_training_cot1024_top080_10steps/checkpoints/global_step_10
[36m(WorkerDict pid=36106)[0m /usr/local/lib/python3.12/dist-packages/torch/utils/_contextlib.py:124: UserWarning: When using ``NO_SHARD`` for ``ShardingStrategy``, full_state_dict will be returned.
[36m(WorkerDict pid=36106)[0m   return func(*args, **kwargs)
[36m(TaskRunner pid=35901)[0m step:10 - self_distillation/teacher_always_on_fraction:1.0 - self_distillation/teacher_image_swap_fraction:1.0 - self_distillation/policy_fallback_fraction:0.0 - self_distillation/grpo_fallback_count:0.0 - rollout_corr/rollout_is_mean:1.0 - rollout_corr/rollout_is_ratio_fraction_high:0.0 - rollout_corr/rollout_is_ratio_fraction_low:0.0 - rollout_corr/rollout_is_max:1.0 - rollout_corr/rollout_is_min:1.0 - rollout_corr/rollout_is_std:0.0 - rollout_corr/rollout_is_eff_sample_size:1.0 - rollout_corr/rollout_is_seq_mean:1.0 - rollout_corr/rollout_is_seq_std:0.0 - rollout_corr/rollout_is_seq_max:1.0 - rollout_corr/rollout_is_seq_min:1.0 - rollout_corr/rollout_is_seq_max_deviation:0.0 - rollout_corr/rollout_is_seq_fraction_high:0.0 - rollout_corr/rollout_is_seq_fraction_low:0.0 - rollout_corr/training_ppl:2.1367688179016113 - rollout_corr/training_log_ppl:0.7592947483062744 - rollout_corr/kl:-0.02282855659723282 - rollout_corr/k3_kl:0.0007551246089860797 - rollout_corr/rollout_ppl:2.1861090660095215 - rollout_corr/rollout_log_ppl:0.782123327255249 - rollout_corr/log_ppl_diff:-0.02282857894897461 - rollout_corr/log_ppl_abs_diff:0.02282857894897461 - rollout_corr/log_ppl_diff_max:-0.02282857894897461 - rollout_corr/log_ppl_diff_min:-0.02282857894897461 - rollout_corr/ppl_ratio:0.9774300456047058 - rollout_corr/chi2_token:0.04875504970550537 - rollout_corr/chi2_seq:0.5081957578659058 - actor/pg_loss:0.02439979277551174 - actor/kl_loss:0.0 - actor/grpo_loss:0.0 - actor/vopd_loss:0.02439979277551174 - actor/vopd_loss_weighted:0.02439979277551174 - actor/policy_fallback_fraction:0.0 - self_distillation/raw_jsd_token_mean:0.02439979277551174 - self_distillation/weighted_jsd_token_mean:0.02439979277551174 - self_distillation/self_distillation_mask.mean():1.0 - self_distillation/num_distill_tokens:9.0 - self_distillation/empty_target_batch:0.0 - actor/grad_norm:0.9175755977630615 - timing_s/update_actor/student_forward:0.3979190770005516 - timing_s/update_actor/teacher_forward:0.3031625179974071 - timing_s/update_actor/loss_compute:0.0009575639996910468 - timing_s/update_actor/backward:0.6493668900002376 - timing_s/update_actor/optimizer_step:0.023692508999374695 - timing_s/update_actor/teacher_ema_update:2.1609997929772362e-05 - perf/mfu/actor:0.02626715374891483 - perf/max_memory_allocated_gb:36.75073957443237 - perf/max_memory_reserved_gb:37.009765625 - perf/cpu_memory_used_gb:48.577613830566406 - actor/lr:1e-06 - training/global_step:10 - training/epoch:0 - response_length/mean:9.0 - response_length/max:9.0 - response_length/min:9.0 - response_length/clip_ratio:0.0 - response_length_non_aborted/mean:9.0 - response_length_non_aborted/max:9.0 - response_length_non_aborted/min:9.0 - response_length_non_aborted/clip_ratio:0.0 - response/aborted_ratio:0.0 - prompt_length/mean:256.0 - prompt_length/max:256.0 - prompt_length/min:256.0 - prompt_length/clip_ratio:0.0 - num_turns/min:2 - num_turns/max:2 - num_turns/mean:2.0 - timing_s/start_profile:3.664900214062072e-05 - timing_s/agent_loop/generate_sequences/min:0.6459390570016694 - timing_s/agent_loop/generate_sequences/max:0.6459390570016694 - timing_s/agent_loop/generate_sequences/mean:0.6459390570016694 - timing_s/agent_loop/tool_calls/min:0.0 - timing_s/agent_loop/tool_calls/max:0.0 - timing_s/agent_loop/tool_calls/mean:0.0 - timing_s/agent_loop/slowest/generate_sequences:0.6459390570016694 - timing_s/agent_loop/slowest/tool_calls:0.0 - timing_s/agent_loop/slowest/prompt_length:256 - timing_s/agent_loop/slowest/response_length:9 - timing_s/gen:4.315830518000439 - timing_s/adv:0.007131120000849478 - timing_s/update_actor:2.397510996001074 - timing_s/dump_rollout_generations:0.001260648998140823 - timing_s/step:6.722881853002036 - timing_s/save_checkpoint:17.179264652997517 - timing_s/stop_profile:3.941899922210723e-05 - timing_per_token_ms/update_actor:9.04721130566443 - timing_per_token_ms/gen:479.536724222271 - timing_per_token_ms/adv:0.026909886795658408 - perf/total_num_tokens:265 - perf/time_per_step:6.722881853002036 - perf/throughput:39.41761967476297
[36m(TaskRunner pid=35901)[0m 'Final validation metrics: None'
[36m(TaskRunner pid=35901)[0m Training Progress: 100%|██████████| 10/10 [04:33<00:00, 24.86s/it]Training Progress: 100%|██████████| 10/10 [04:33<00:00, 27.35s/it]
[36m(TaskRunner pid=35901)[0m Exception ignored in atexit callback: <function _start_and_connect_service.<locals>.teardown_atexit at 0x7f4860fb16c0>
[36m(TaskRunner pid=35901)[0m Traceback (most recent call last):
[36m(TaskRunner pid=35901)[0m   File "/usr/local/lib/python3.12/dist-packages/wandb/sdk/lib/service/service_connection.py", line 73, in teardown_atexit
[36m(TaskRunner pid=35901)[0m     conn.teardown(hooks.exit_code)
[36m(TaskRunner pid=35901)[0m   File "/usr/local/lib/python3.12/dist-packages/wandb/sdk/lib/service/service_connection.py", line 344, in teardown
[36m(TaskRunner pid=35901)[0m     self._asyncer.run(publish_teardown_and_close)
[36m(TaskRunner pid=35901)[0m   File "/usr/local/lib/python3.12/dist-packages/wandb/sdk/lib/asyncio_manager.py", line 137, in run
[36m(TaskRunner pid=35901)[0m     return future.result()
[36m(TaskRunner pid=35901)[0m
[36m(TaskRunner pid=35901)[0m Exception ignored in: <function Tracking.__del__ at 0x7f48d8393600>
[36m(TaskRunner pid=35901)[0m Traceback (most recent call last):
[36m(TaskRunner pid=35901)[0m   File "/workspace/verl/utils/tracking.py", line 169, in __del__
[36m(TaskRunner pid=35901)[0m     self.logger["wandb"].finish(exit_code=0)
[36m(TaskRunner pid=35901)[0m   File "/usr/local/lib/python3.12/dist-packages/wandb/sdk/wandb_run.py", line 4102, in finish
[36m(TaskRunner pid=35901)[0m     wandb.run.finish(exit_code=exit_code, quiet=quiet)
[36m(TaskRunner pid=35901)[0m   File "/usr/local/lib/python3.12/dist-packages/wandb/sdk/wandb_run.py", line 399, in wrapper
[36m(TaskRunner pid=35901)[0m     return func(self, *args, **kwargs)
[36m(TaskRunner pid=35901)[0m            ^^^^^^^^^^^^^^^^^^^^^^^^^^^
[36m(TaskRunner pid=35901)[0m   File "/usr/local/lib/python3.12/dist-packages/wandb/sdk/wandb_run.py", line 444, in wrapper
[36m(TaskRunner pid=35901)[0m     return func(self, *args, **kwargs)
[36m(TaskRunner pid=35901)[0m            ^^^^^^^^^^^^^^^^^^^^^^^^^^^
[36m(TaskRunner pid=35901)[0m   File "/usr/local/lib/python3.12/dist-packages/wandb/sdk/wandb_run.py", line 2279, in finish
[36m(TaskRunner pid=35901)[0m     return self._finish(exit_code)
[36m(TaskRunner pid=35901)[0m            ^^^^^^^^^^^^^^^^^^^^^^^
[36m(TaskRunner pid=35901)[0m   File "/usr/local/lib/python3.12/dist-packages/wandb/sdk/wandb_run.py", line 399, in wrapper
[36m(TaskRunner pid=35901)[0m     return func(self, *args, **kwargs)
[36m(TaskRunner pid=35901)[0m            ^^^^^^^^^^^^^^^^^^^^^^^^^^^
[36m(TaskRunner pid=35901)[0m   File "/usr/local/lib/python3.12/dist-packages/wandb/sdk/wandb_run.py", line 2292, in _finish
[36m(TaskRunner pid=35901)[0m     with telemetry.context(run=self) as tel:
[36m(TaskRunner pid=35901)[0m   File "/usr/local/lib/python3.12/dist-packages/wandb/sdk/lib/telemetry.py", line 45, in __exit__
[36m(TaskRunner pid=35901)[0m     self._run._telemetry_callback(self._obj)
[36m(TaskRunner pid=35901)[0m   File "/usr/local/lib/python3.12/dist-packages/wandb/sdk/wandb_run.py", line 751, in _telemetry_callback
[36m(TaskRunner pid=35901)[0m     self._telemetry_flush()
[36m(TaskRunner pid=35901)[0m   File "/usr/local/lib/python3.12/dist-packages/wandb/sdk/wandb_run.py", line 764, in _telemetry_flush
[36m(TaskRunner pid=35901)[0m     self._backend.interface._publish_telemetry(self._telemetry_obj)
[36m(TaskRunner pid=35901)[0m   File "/usr/local/lib/python3.12/dist-packages/wandb/sdk/interface/interface_shared.py", line 105, in _publish_telemetry
[36m(TaskRunner pid=35901)[0m     self._publish(rec)
[36m(TaskRunner pid=35901)[0m   File "/usr/local/lib/python3.12/dist-packages/wandb/sdk/interface/interface_sock.py", line 46, in _publish
[36m(TaskRunner pid=35901)[0m     self._asyncer.run(lambda: self._client.publish(request))
[36m(TaskRunner pid=35901)[0m   File "/usr/local/lib/python3.12/dist-packages/wandb/sdk/lib/asyncio_manager.py", line 137, in run
[36m(TaskRunner pid=35901)[0m     return future.result()
[36m(TaskRunner pid=35901)[0m            ^^^^^^^^^^^^^^^
[36m(TaskRunner pid=35901)[0m   File "/usr/lib/python3.12/concurrent/futures/_base.py", line 456, in result
[36m(TaskRunner pid=35901)[0m     return self.__get_result()
[36m(TaskRunner pid=35901)[0m            ^^^^^^^^^^^^^^^^^^^
[36m(TaskRunner pid=35901)[0m   File "/usr/lib/python3.12/concurrent/futures/_base.py", line 401, in __get_result
[36m(TaskRunner pid=35901)[0m     raise self._exception
[36m(TaskRunner pid=35901)[0m   File "/usr/local/lib/python3.12/dist-packages/wandb/sdk/lib/asyncio_manager.py", line 220, in _wrap
[36m(TaskRunner pid=35901)[0m     return await fn()
[36m(TaskRunner pid=35901)[0m            ^^^^^^^^^^
[36m(TaskRunner pid=35901)[0m   File "/usr/local/lib/python3.12/dist-packages/wandb/sdk/lib/service/service_client.py", line 45, in publish
[36m(TaskRunner pid=35901)[0m     await self._send_server_request(request)
[36m(TaskRunner pid=35901)[0m   File "/usr/local/lib/python3.12/dist-packages/wandb/sdk/lib/service/service_client.py", line 81, in _send_server_request
[36m(TaskRunner pid=35901)[0m     self._writer.write(header)
[36m(TaskRunner pid=35901)[0m   File "/usr/lib/python3.12/asyncio/streams.py", line 346, in write
[36m(TaskRunner pid=35901)[0m     self._transport.write(data)
[36m(TaskRunner pid=35901)[0m   File "uvloop/handles/stream.pyx", line 675, in uvloop.loop.UVStream.write
[36m(TaskRunner pid=35901)[0m   File "uvloop/handles/handle.pyx", line 159, in uvloop.loop.UVHandle._ensure_alive
[36m(TaskRunner pid=35901)[0m RuntimeError: unable to perform operation on <UnixTransport closed=True reading=False 0x7f4861134a00>; the handler is closed
